,0,1,2,3,4,5,6,7,8,9,10,11,12,13,14,15,16,17,18,19,20,21,22,23,24,25,26,27,28,29,30,31,32,33,34,35,36,37,38,39,40,41,42,43,44,45,46,47,48,49,50,51,52,53,54,55,56,57,58,59,60,61,62,63,64,65,66,67,68,69,70,71,72,73,74,75,76,77,78,79,80,81,82,83,84,85,86,87,88,89,90,91,92,93,94,95,96,97,98,99,100,101,102,103,104,105,106,107,108,109,110,111,112,113,114,115,116,117,118,119,120,121,122,123,124,125,126,127,128,129,130,131,132,133,134,135,136,137,138,139,140,141,142,143,144,145,146,147,148,149,150,151,152,153,154,155,156,157,158,159,160,161,162,163,164,165,166,167,168,169,170,171,172,173,174,175,176,177,178,179,180,181,182,183,184,185,186,187,188,189,190,191,192,193,194,195,196
normalized Abundances (by Bio. Rep.): Sample- A1,77222.04369502555,241.70143382034564,30239.176431655385,28029.25094330286,171459.30123217002,24019.37331287964,43950.648466591614,10199.076967327701,33888.84852721042,12558.403665582126,18572.682345081837,13119.147081018891,12280.03635891282,51824.52244132965,8891.327502381453,27128.443779149602,56272.63058404365,39504.59361275717,444.68370591218934,23656.918937810053,12481.160893446984,44920.19192037905,40699.11886234582,1306.6739326760112,28726.391405737755,39121.4107975703,42966.73199064738,8530.046435243032,12510.004713421498,56765.5176907946,9253.292999146388,11937.821545655857,11512.204093625129,14932.787815619859,7207.728396818131,2886.7286133138696,6538.356222087514,45013.176573924015,5315.084928185271,36047.83289621813,24309.18037187782,9880.914966659657,13917.192025534125,4907.458197765764,6569.15555528064,17469.38178714139,17169.3082837455,5833.882585082825,24103.0692786362,27779.43412962528,16937.579967340072,13456.961989533978,31063.718580282806,8691.571827100317,5053.24170821323,12651.974973092672,14426.505443321415,4582.5496764935115,52.01665161505821,6830.60767260896,4889.271924832679,19733.083889005728,7613.3996140190275,12775.954511152624,23467.429706926625,41461.280139299546,6354.733530859921,6265.073249786597,7903.5,8044.8836057055905,21628.07397350092,32625.19588534386,7847.181219303997,13659.455383321168,5360.941713161704,12179.816306458995,34824.56160231589,32239.37312731187,5219.753658777974,25442.40028206302,5131.853339601401,11789.984746328852,73.82062400257321,15512.304157955292,4796.189495626786,7581.818075538456,137.7659062511598,18401.966041097076,9529.21591429243,92.39799957937971,4327.159650142888,16596.440686353344,11145.545365135527,23431.057161060457,11102.71962564794,9507.705268887707,25566.477595783897,56.22100503507231,24157.921424418244,4966.123594324101,13166.470500909281,1381.863415931612,15798.20019051625,21844.15818415746,6839.8963603973625,782.4986144272759,8244.834832308587,3885.995868024198,10132.491742233988,3943.390180990437,3399.855281877451,4380.447385350043,15161.87618918016,16504.92266772234,9581.134790246559,17534.500377321147,7223.568053888882,130.3349560204372,6894.259627874754,20881.850129278886,7748.623353085992,14956.058422921331,3904.866570583796,20697.445232763846,6696.5572414731605,5850.7977744238115,6852.998298962058,7044.443043064095,2919.8745623693294,5615.353982903022,23104.682004874245,4579.127528360942,168.7607907661475,9671.577276607326,4231.046175448147,16198.10264372224,8306.824601338561,5136.839898308859,20031.69075748766,5000.9317296153795,10175.708584365297,7851.385572724012,6965.440309032202,18675.151237737064,4351.310238392736,4328.6262850568455,6744.467315329135,8422.297656897554,6142.267019657813,3475.240316454913,33.34150037732115,5611.2474051439385,6933.174340925117,5564.901741862853,2660.1824069377603,6163.7776650625365,2606.9924473915357,6214.718784407359,3608.4107666423365,748.8637870671631,3811.001936090458,2983.428741974194,7600.2976754543315,11583.775877426298,11860.872100503508,6455.63801294026,3345.6875657219207,4787.585237464897,13451.682103843728,4517.039983670036,3601.175367733475,6220.09644575854,4995.162965620477,3409.143969665854,18101.696986379324,6104.134511894895,7880.424944020388,16985.685592517904,4322.270867096359,7280.571264211399,2456.9068078631253,7961.383191270892,6209.438898717108,5879.250491754605,272.5985426744028,7330.436851285985,60624.91857904568,9990.130379919092,4470.889871710811,4391.887137678918,4142.559202305989,2551.8469746266996,3862.920812044586,5964.413092425124,3981.8160157361476,4309.560031175387,13600.887762423761
normalized Abundances (by Bio. Rep.): Sample- A2,67988.90911887624,184.3293649872301,31459.856977014166,24013.1891862085,159760.5269038774,25367.262241699562,37399.0427037381,9635.682220803343,32054.500388901786,11262.441624100302,16976.56018690504,11910.392831437197,11989.299378918042,45437.60135244951,8873.958782215,26379.284589041097,57523.240120733695,36020.56366960761,492.2484037613188,23057.50244369631,11141.42100069654,42198.5793301602,38980.93547713025,125.33295797538891,25614.992100069656,35538.683219178085,37875.05103900627,7865.423003250523,12792.21937543534,53932.716954957046,7204.534792198747,14281.3510796378,13139.132928952868,11495.949953563966,6644.298305084746,1217.2711225911307,6229.1214128163465,42139.491171348964,6151.958149524031,33401.50855583933,18160.708909914094,10003.239929185049,12870.667163919203,4657.871848154168,4920.832505224054,18609.191705363362,15531.102339215231,5057.359182725795,23008.965741815653,29637.849744601812,15980.86965985605,12083.987235895054,23684.992999767823,7903.5,5919.550841653123,9201.237450661714,13619.54535059206,4972.213512886,0.0,6783.76104016717,4608.692883677734,16062.345257719991,8176.8286104016715,14100.691786626421,19249.52751335036,37501.52946366381,6835.417303227305,5951.847475040631,7620.353947062921,8035.347335732529,20090.341003018344,28884.10871256095,8497.592901091248,13083.347834919898,5386.931646157418,10362.172968423498,30885.031953796148,30301.12350243789,6259.216003018342,23682.882708381705,5580.252687485488,11454.936899233806,286.26561411655445,10956.357621314139,5540.432406547481,7143.519845600186,31.379115393545394,23700.590805665197,7794.315358718366,6.51437775713954,3412.432923148363,14639.366600882286,11225.649152542373,21170.16793011377,8571.453099605294,10552.1909449733,21299.537967262597,456.4652019967495,25323.313129788716,5031.209919897841,11017.280816113305,2364.7191258416533,13590.735285581612,12947.096412816347,5936.433172742049,646.1161713489669,7940.567726956118,4816.235453912236,10772.120008126307,3808.800696540515,3037.7185744137455,3351.509728349199,13683.771610169491,13201.799407940563,11634.67867425122,18300.446900394705,6409.9642094265155,31.74612259113072,8064.249152542374,20564.2390469004,6359.133712560948,12072.701764569307,3601.7168853029953,19244.57291618296,6028.368475737172,4138.09790457395,5566.1229103784535,5731.184397492454,3583.458277223125,6038.461173670769,18973.538100766196,4182.322271882981,226.90219990712794,9701.743516368702,4272.514290689575,15306.402182493617,7675.221523101928,4896.151271186441,22969.879475272814,5631.908950545623,9308.954063153007,8045.715289064315,7368.220002321802,16380.81575342466,4540.980055723241,5299.400429533318,5713.659803807755,7738.16325748781,5826.055758068262,3428.672991641514,191.5777571395403,4563.459246575342,7514.380618760158,4351.696093568609,2456.379173438588,7155.1723241235195,2693.0988158811238,7282.248566287439,4208.196279312747,780.7160610633852,3233.5169143255166,2859.2613245878806,8879.18863478059,10770.560227536567,11007.738628976085,5966.252507545856,4088.5519328999308,4273.15655328535,12418.881303691665,3494.734287206873,4523.4554620385425,6761.832360111446,4833.117785001162,4207.462264917576,17455.50457975389,7552.090608312051,7432.996772695612,17572.396372184816,3519.415521244486,7866.799280241467,2425.642320640817,8071.772800092872,5735.955491061064,5973.684403296958,190.66023914557698,9533.011957278848,47394.575481773856,8987.822765265846,3808.1584339447413,6136.4520954260515,3283.0628859995354,2459.59048641746,2530.698130949617,5274.535691896912,3863.851776178314,4354.723902948688,11793.776294404459
normalized Abundances (by Bio. Rep.): Sample- A3,48370.02656322621,88.25306567516357,36182.62668478067,17624.146634013803,174062.92481498697,24223.912445032358,37893.90731471882,11121.958385470667,22932.139984269426,10550.903596582177,14642.944889349686,10790.326534625148,10009.140913803583,46022.513853634126,10378.070751850131,23537.196221086127,48335.930928461625,37902.19575631905,175.65844982303102,27935.81566622574,9010.19532730328,47958.05334096029,38123.72319545243,215.876228951414,25231.71159415109,38747.14586536056,43854.238693647,10393.517393014194,11935.73265167495,59947.84923670946,5992.825837474527,13291.92890851239,11625.763773193665,13600.579171284546,7903.5,950.345178935326,5807.7487040148735,42758.93997354403,6266.250223445712,39280.80848021165,19582.385148904224,11755.364860033607,19172.57822387473,3961.7808980730047,6497.384719888456,20418.387508490938,18815.610114046696,4798.725126023382,23147.356905366276,25539.608362232317,13483.128186335849,13834.162525472813,22542.86578956777,9123.03115727003,7830.222641307069,10477.626237889242,13293.71845840335,4657.068124128562,8.476815272961282,6710.058596403418,3660.9481427192454,21434.00416502807,6882.608880626363,13148.105609381146,20781.477762682778,33801.01834042401,9168.994333416755,4066.3282864395273,7050.732383540096,6962.573504701299,17589.956812412856,29031.962067855995,6220.381234135355,14727.524668406566,6307.221497265025,11177.43443209038,30678.442154374177,26604.955668370814,4368.762218011512,21971.71681384291,5350.471613456795,10645.467180293877,0.0,10986.611901612387,6446.99476243252,7538.9027564263,105.77181723928355,17334.710485860356,8176.830199134819,5.368649672875479,5053.594705230418,15458.226144935828,8985.989310357158,19579.182796467772,11212.189374709522,4081.680740767224,21840.231990275646,154.27803796789536,21286.695952951275,4385.33910121197,8830.863590861965,1734.3564048478784,11569.251671373924,12884.853401737515,5101.253244431734,1090.7777519573845,11101.990776161027,7021.534464266562,11397.737442351008,5218.139108362233,4108.712362804334,3830.390261342105,13937.202924457475,9798.915895034144,9998.874548639664,17892.390743984844,8644.185281184085,97.1066282935898,8873.718601408602,19426.41174788174,6869.42272353509,13939.651782202998,3986.2694755282264,14935.112455757751,6729.4610846948635,4358.778413356692,5196.005201816167,5780.528708305031,4174.548961424332,5851.357209252441,20005.37823102499,4942.642611990991,252.13816095241503,11358.744092095385,4571.640663544386,15771.585749526297,6602.026295091346,4157.1243966965785,21198.91382145794,5711.96069143041,6201.920614207573,8746.189624968718,8470.88150227021,18041.488505952595,6679.447874584392,5676.263880447607,5863.695684816418,5675.416198920311,7836.815719852705,5634.6332987737305,358.28672553716353,5966.73608380108,7436.804225805299,5913.143773908692,3603.5883593722074,6441.6261127596445,2717.666976511387,7548.321440062923,4066.0457259304285,778.1716420578458,2942.5851417539598,4109.089110149798,6662.117496693005,12468.26502448965,10500.419452289872,5142.88382610561,5042.480658539202,3258.581977762683,10577.37009760109,4590.007096635802,4627.022523327733,6973.499177719782,4960.255550391477,4541.029941725359,19405.408083372065,6059.415930785457,9070.098155232206,12561.039058310394,2649.9466411640633,9391.746201422902,2218.6651174430663,8919.022469700763,6173.287815952237,4871.719924207215,289.43614815344466,7109.69334310536,57268.89304994459,7683.950484430304,4558.171945944014,7533.816667262523,4470.578188123414,3527.014461406457,2926.667566408066,5145.1443101784,3974.8728683279114,5314.868989310357,12749.601104715599
normalized Abundances (by Bio. Rep.): Sample- B1,76947.3569480938,257.62486986267413,30137.603787615888,25336.96514798473,171647.22246666005,22948.498531307323,46411.36519632145,9546.617706112736,32217.508297803775,12374.320032472362,16716.03376134054,13285.214962074266,11900.701688067027,46863.43317138466,8451.66303108423,31110.407050964255,61663.34522953746,45567.37436790442,445.01512691487784,22670.890591691044,11655.811127361063,41423.53221208666,37167.43222324129,1305.7564696842,27552.63698502801,46714.93153537256,39072.77874175797,8104.31025977889,12737.247843438601,55420.88892469386,9434.26191686084,11223.432353378614,13697.022928957414,14148.89499157206,6787.484736750782,3098.8451551732687,7226.328621535869,53690.19835407268,5202.944852758911,33633.36756358138,22831.049018392743,11246.452066084974,15072.230361657827,4613.836119924645,6737.331149918199,20897.197238609886,17147.62888552873,5735.04306306083,27458.50105349264,24055.697734371126,17626.928690942445,14578.43303505032,34483.13780923108,9337.677079718407,5096.956218085371,11931.851767388825,17931.278679787818,4658.7980268702595,81.79344727579198,7700.7306157354615,4914.2678597987215,21642.448192950276,7297.053015467751,13072.649955381488,22384.074766992217,42584.80325095435,5919.886458281691,6196.808704327997,7903.5,7707.881420108076,22718.399360468,31069.46134921422,7503.54473625502,13182.752751474889,5405.420368350602,11498.493431163552,34540.246287987706,31190.927067324377,5541.971345000248,26034.413464875317,5132.22045882703,12556.028828516188,79.34454166873235,15252.077989440286,3976.532924743444,8230.967657776016,122.15141168013486,18052.744397897975,8971.712625799415,87.08308338704082,4543.699463338457,16982.768560061475,11956.732648356552,24975.60463660701,12074.378073719696,8951.141818700115,23954.900779584554,55.63913539239502,24896.847832283973,5627.487128798771,13158.557564077142,1402.1453943780677,15518.323007039811,21963.450739923654,7260.515343810421,832.4319939517128,8777.26952059888,4432.715061226513,9825.9888577661,3801.87697684795,3301.712495662089,4083.1092967626796,15141.877237122602,17707.74257597541,8248.501821922562,16558.618108918745,6813.247223737048,129.20425982846663,6368.917790392147,19400.6220440236,7394.911283525854,16422.45895716623,3684.6233763819346,23367.65321501165,6634.183245748848,6190.833374646771,6689.234643795548,7578.089422933916,3087.776101829359,5223.41770363393,21716.307186059195,4691.417449556294,143.50586857369493,9362.655916910417,3994.165045114273,15040.884369887464,7566.236719795747,4703.466065143028,18438.300096673443,4679.074965296713,9322.493864954638,7747.259822269595,6973.89543156016,20308.088505775617,4046.17980020822,4052.8408234594217,7205.561901988002,8082.466021763919,6478.236936691289,3757.6987196965943,41.533439095731495,5449.500669277676,7325.264408061078,5084.809646274354,2616.4107505825195,5937.224709979674,2776.9610021813496,6511.444096723018,3592.7404380050566,695.1953237320907,4006.1157044767237,3165.749256358138,6863.40081056963,11530.623072728175,11334.808580387686,6309.262449804174,3495.371951068366,4492.9581391601805,14869.754846066135,4503.145586485549,3314.0549799216697,6332.380118734817,5901.0788632194735,3674.729797729414,18403.91746195033,5836.231842744534,8745.531703931387,18183.12413241783,4316.245110554757,6167.127968370433,2411.1924607109218,8395.632070794705,5886.385429577115,6279.385801398046,259.48603812403945,7102.022172921521,69640.50831019781,9284.095025035942,4590.718450994002,4079.289004015666,4931.116330375291,2427.4531939417975,3625.8496418125033,5836.917536314511,4523.814349809132,4160.5926701700455,13003.394904813842
normalized Abundances (by Bio. Rep.): Sample- B2,68749.20274374094,176.1046823687277,31531.203820756382,21962.01214732158,160843.76503407606,24912.440040255653,40165.821992301986,9194.097072636745,30772.362883576392,11320.377379144742,15200.727303223983,11780.686923973302,11852.226544016383,41427.85903457042,8576.102669585789,31107.826953635362,64464.73304142094,42526.25733606412,496.21889897242124,22463.44069352731,10509.439969631694,39429.308114693304,35902.56299657473,120.56612168508772,24991.04989582965,43375.42983509304,34829.28263709876,7436.957484374447,13202.083353931986,53365.114463787555,7489.519103781912,13406.375949009496,15983.662858858008,10959.516278823405,6353.257830431865,1327.7158091740525,7032.000441399766,49773.06269642289,6226.179649705144,31402.637169391568,17390.45367068046,11459.363324976162,14031.71967583601,4292.098114340195,5178.482379321303,22543.352960909633,15570.426197958965,5078.84787598432,27176.217821956987,25854.548924750165,17130.15736784491,13352.232829549064,26559.3397718846,8450.512959497157,6129.708146474098,8799.280235884034,17273.51569617571,5025.542021257813,0.0,7677.9036689148625,4632.492743387831,18285.39664183057,7953.828913450332,14870.100762738795,18561.787033440443,38490.64131854937,6336.698594583141,6222.551502524806,7675.205815883328,7843.7751156467375,21861.81946749532,27786.02563649846,8405.57975210989,12656.558865072917,5482.409477735795,9683.617853737773,31487.107878103037,29450.78701578445,6792.7287863271995,24361.147727673997,5618.6045411208015,12596.927010134536,286.34453900208337,10728.71030050496,4753.151894487799,7903.5,46.700766269995405,23458.111197429283,7493.147250962251,1.9536177124898477,3560.6078251350677,15285.384070765209,12174.94558423673,22408.181221088314,9238.099985875206,9930.98306790494,20173.80073448921,455.099897595254,26654.601892722196,5753.497192697482,11303.818143296017,2474.3963769907127,13752.07325470532,12956.485698647548,6462.753451746176,631.5766976235035,8759.370616900314,6042.446555316218,10540.604823616652,3621.542091881775,2973.87130548395,3181.7920477417983,13545.73401250044,14674.55293266005,10224.76996009746,17396.128464988167,6107.195028073024,27.536706804618806,7613.7133726473385,19306.487499558596,6140.871676259754,13615.692132490552,3463.85723365938,22385.947190931878,6042.91170239062,4466.063120166672,5523.249390868321,6309.720064267805,3791.5068328683915,5572.927098414491,18092.918782442877,4292.656290829478,223.17756629824498,9479.325258660263,4077.7583424555946,14371.742187224123,7108.19153218687,4713.5213637487195,21290.804918959,5307.793266005155,8699.08755605777,7945.549295525971,7388.768247466364,18031.05422154737,4241.676171474981,5049.636639711854,6348.699389102721,7385.140100286026,6261.530827359722,3872.2563649846384,189.68697694127616,4477.319679367209,7845.077527455064,4088.73581341149,2409.368815989265,6895.154172110596,2919.263038949115,7558.45390020834,4062.036371340795,732.4205833539319,3475.951057593841,3184.210812528691,8088.442476782371,10674.753239874288,10834.391715809174,5960.3946113916445,4267.25926056711,3985.287104064408,13925.294025212754,3543.0252657226592,4572.953917864331,7197.871888131642,5767.730693174193,4524.764680956248,18249.115170027188,7457.889102722553,8495.260108054661,18458.896500582647,3612.9833857127715,6818.218846004449,2383.785726897136,8870.168650022952,5650.513630424802,6555.0386313076015,163.1735937003425,9349.549224902008,55399.57473780853,8533.774285815176,3928.446131572442,5867.272167096295,3913.189307532045,2342.573696105088,2460.4419647586424,5174.947261555845,4431.084060171616,4345.683057311346,11496.947208587872
normalized Abundances (by Bio. Rep.): Sample- B3,47284.3565763616,84.22338222908479,34943.36601628299,15492.479751544079,170894.51228242563,23092.36878860191,39034.81034180236,9980.424568360471,21459.396669708032,10280.984629421673,12831.26124719259,10392.388773862998,9225.280127035374,40650.494016704106,9675.241928691748,26203.45664303762,52110.883352049415,42974.81899213925,166.6901845873105,26156.58369595733,8370.47289093206,42861.93562254352,34053.057376473895,202.56139458169568,24471.19153565413,46198.97511931499,38726.39189710837,9919.96124017406,12072.23383983717,57894.93106049972,5888.610436552499,12267.029302358227,14108.109910162832,12440.376000140372,7461.76638826502,1053.3007615103875,6201.4665567097145,48631.19107944975,5971.816851487928,35079.91698834924,18680.67221715329,13094.285969960698,20698.705134053904,3500.3089731892196,6625.541918163954,24167.950379000566,18297.367999017406,4614.073062886019,26416.28016212802,22012.164619595736,13923.484120578327,15013.950414093206,24264.747175042114,9750.405056850084,7903.5,9803.379807692309,16307.440360050536,4602.51661636721,2.2188377316114543,7251.439061622685,3534.238700168445,23365.655635878724,6377.401898512073,13133.762791268951,19284.10362857945,33635.26872192589,8536.053656653567,3961.8272213644027,6882.927095030882,6499.807780039304,18517.032934446943,26806.795602891638,5755.480172655812,14043.024003368895,6043.744174621,10177.993578046042,29686.846978523306,24629.83843346435,4642.363243964065,21857.77049410444,5339.448097978664,11286.118121841664,0.0,10553.809218837732,5234.330660443571,8120.761194553622,79.41590047725998,16460.725066676026,7575.94407987086,8.413093065693431,5185.793585064571,15847.493788601912,9245.61947290848,19718.903372403147,11662.95072992701,3708.3250105277934,19924.423217293657,163.26947641774285,21345.773687535093,4946.806271055587,8684.993139387985,1600.798971785514,11337.79855067378,12741.305867490175,5316.335204941044,1136.2298217293655,11940.39789795059,8414.387387703538,10836.341223329591,4876.820430937676,3731.530355137563,3436.702291549692,13627.546638124652,10154.141072431219,8498.795673076924,16524.70155460416,7850.895055446379,101.14201993262213,7902.575484278495,17712.611805165638,6222.545515160024,15359.811745508145,3723.11726207187,16621.96060850646,6390.43757018529,4512.468785092645,4931.366858506458,6149.971031021899,4363.714205502527,5297.752438938799,18430.405811341945,5040.5521652161715,250.91356681639527,10794.183306428973,4085.989682762494,14029.618525407077,6191.481786917463,3849.221206485121,18964.868349943852,5188.382229084784,5526.107822150478,8339.778968978104,7986.244157074677,19287.246982032568,6055.670427428412,5258.552972346996,5951.477505614824,5263.360454098822,8063.9959292532285,5983.465749578889,350.021652161707,5659.515440763616,7497.452695115105,5234.14575729927,3389.644441325099,5946.300217574397,2773.8245192307695,7760.847224171815,3845.8929498877037,716.0374263054464,3034.8153074115667,4265.160829590118,5887.870823975296,11859.872578607525,10039.408671392477,5007.4545023863,5325.303007439641,3052.84336398091,11459.279916479507,4415.764440623246,4177.146932902864,6990.078467153286,5592.39559938237,4601.961906934307,19248.509773301517,5665.617244525548,10128.162180656935,13476.665672375071,2657.6128930376194,7953.146494244807,2153.9367279618195,9400.383404688379,5892.77075729927,4992.754702414374,289.9281302638967,6873.127228382932,65204.05990314431,7101.667514738911,4530.95909952274,6926.101979225155,5043.695518669288,3232.476768669287,2799.341153144301,4915.372736524425,4642.548147108367,5065.60654126895,11933.926287900056
normalized Abundances (by Bio. Rep.): Sample- C1,77480.1,261.4,30969.7,28037.4,174160.5,23151.8,48933.8,9236.2,34163.5,12569.8,16600.8,12774.0,13529.6,48862.2,7903.5,32756.3,63557.8,41136.6,411.2,21546.6,11585.5,39637.1,33829.0,1302.3,28433.4,44645.9,38765.7,7903.0,13392.4,57985.7,9370.8,10457.1,13629.0,13948.6,6986.8,3119.5,8069.5,54852.2,5079.4,34229.8,22907.0,12690.4,15711.4,4450.5,6894.8,22241.5,19479.5,6835.8,27947.1,22177.8,18427.1,14654.2,35373.9,10381.8,5181.3,12379.7,16400.9,4654.1,69.6,7953.6,5305.6,21903.7,6866.3,13839.7,24370.8,43406.0,5636.6,6224.5,7063.4,7635.4,23731.8,29850.0,7581.5,13235.5,5390.2,11071.9,35532.5,31716.3,5574.7,26623.8,5652.3,12753.6,75.2,15492.8,3820.6,9164.2,150.7,19678.5,8847.0,85.5,4564.0,18095.0,11834.8,29716.7,12788.8,9678.8,24596.8,59.0,26879.9,5395.7,14105.0,1556.9,16177.9,23650.3,7761.5,900.9,8864.8,5148.3,9666.9,3976.6,3149.3,4043.6,15937.3,18603.7,8434.4,19323.6,6510.0,141.8,5955.1,19737.6,7096.4,17525.6,3689.2,22586.4,6870.9,6454.6,6711.9,7640.1,3283.9,5042.1,21546.8,4821.8,147.6,9869.5,3792.9,15151.4,8163.3,5096.0,17981.1,4512.1,9418.4,7718.5,6994.6,20966.1,4118.9,3790.9,7109.4,7902.8,6731.5,3806.9,41.1,5301.6,7510.4,5373.1,2509.5,5501.7,2967.4,6532.6,3595.7,829.2,4002.5,3024.1,6946.7,10937.6,12411.5,6300.3,3722.2,4525.3,15631.1,4666.5,3574.7,6643.9,5936.9,3798.2,18909.9,6309.7,8898.4,19496.5,4386.5,6029.7,2343.8,12770.2,6344.9,6385.4,266.0,7476.1,70370.4,9355.4,4478.3,3887.8,5107.9,2556.2,3631.0,5298.9,4911.7,3895.4,12576.9
normalized Abundances (by Bio. Rep.): Sample- C2,67756.53201079939,195.940744218805,31693.044277497356,23746.032814884376,159404.0113452283,24373.841061157415,41496.946836483155,8842.753832609462,31998.08839065618,11104.42213874868,14679.598520953163,11439.525343350158,13205.775290527057,42516.72934616739,7850.339940133819,32241.529921352274,64706.09087921117,37952.0150956685,495.60390890949645,20702.085931447353,10109.132222091795,36666.43228665336,32290.793432327737,128.0294635520601,25351.50373283249,40642.7676546543,34116.97601244278,7160.279686582932,13368.31704425402,54750.77956332903,7350.004507571311,12348.627309543373,15699.937680478928,10526.434053292642,6574.3129533982865,1353.8651895762414,7680.097863599015,49838.53026176782,5858.1829322690455,30937.29934264585,16924.66010682005,12982.002054231718,14145.307448057283,4132.290098603123,5202.078319051532,23458.337621786595,17439.097335368002,6044.2895292874755,27049.192974527527,23264.901801854678,17155.113141213755,13025.791841765466,26282.778917713345,9153.735544077945,6204.8830085690815,8817.70458974058,15518.098732245568,4912.06375161404,0.0,7942.001614039206,4840.348697030168,17964.01813593145,7461.148925930273,14994.755106233126,19349.148491606997,38644.394723559104,5919.785514731776,5927.393062566029,6673.303850217162,7661.357318934147,22114.399354384317,26120.51548890715,8321.72958093673,12428.41378682944,5321.201385139101,9042.68390069257,31433.274351449698,29313.273429980043,6616.525566381031,24494.26297687522,6052.175402042493,12818.161450874515,255.1311773682357,10778.225331611691,4320.994394882028,8699.323723441717,37.66663927691044,25071.601637516138,7192.936477286067,6.679798098368353,3514.4087745040497,15722.57477403451,11920.006931564738,26454.134293931213,9627.444559220567,10672.647411668037,20032.992821927455,493.09898462260827,28415.861110458973,5600.082955745979,11758.114602652893,2665.888866064092,13928.492334781078,13308.198861368706,6852.0812243221035,759.177608874281,8750.164408968189,6682.303022655241,10090.020577532574,3752.1910318112455,2885.2089036271864,3138.762906444418,13967.828923582581,14907.546631059984,10220.833290292287,20635.566275384434,5611.958152365301,21.987668740462496,7102.851977931682,19120.272631764292,5735.719967132292,13839.335585162578,3352.7019955393826,21104.45099190046,6148.8469245216575,4464.702828970536,5244.569256955042,6052.824826857613,3942.2869526939785,5250.228530343938,17338.343714050945,4344.930338067848,216.16568846108697,9770.596343467543,3669.9924052118795,14215.167003169387,7363.085778847282,4891.838807371758,20612.743631881676,5007.343649489377,8653.492886489024,7767.399113745744,7415.87473881911,18373.80519427163,4219.7768986970295,4547.458105411433,6161.835420824041,7064.350363892476,6506.865547599484,3839.86338185233,169.59265171968542,4299.099501115154,7910.550897992723,4274.606908087804,2314.735591031811,6340.056145087452,2969.819679539852,7438.790157295458,3937.184329146614,873.2908263880737,3392.502459208827,3004.517519661932,7957.031159760536,9893.708733419417,11841.612078882497,5803.260147904683,4361.1659584458275,3911.3928864890245,14134.267226200258,3531.1082697499705,4631.883331376923,7271.609654889071,5701.114901983801,4658.509748796808,17878.757935203663,7903.5,8247.416827092382,18866.71862894706,3658.3027585397344,6570.694729428336,2249.9786594670736,12399.004120201902,5801.219098485738,6415.296648667684,187.12712172790233,9626.331259537505,54285.1419708886,8517.020900340414,3772.6015260007043,5379.27851860547,3814.257489141918,2326.9818875454866,2391.5532691630474,4665.096771921587,4649.510576358728,3868.3452987439846,10800.213000352154
normalized Abundances (by Bio. Rep.): Sample- C3,46981.26416215895,101.10165844379718,35903.303631932475,16767.747637163407,171956.7262141116,22973.002865125123,41336.48420614635,9812.498507995007,22724.28902692742,10449.645669618973,12575.505355762944,10207.039273613505,10393.927004695952,42898.11019437675,8944.959834750043,27920.594804731616,53233.499714676334,39273.39023360875,152.49813350769782,24723.3957974202,8149.488979373476,40917.70159305712,31400.897247815486,210.4718540093919,24905.58549604708,43750.23932116745,38899.23892884741,9471.139469773523,12134.454068834333,60207.63493431611,5867.842537002913,11592.676966058372,13840.591535397967,12275.958806396005,7635.618189383582,1086.7488676217083,6934.671747013017,49992.04524163348,6009.347274564584,36392.274849907866,18038.753337692444,14813.648017594958,21131.374142542947,3445.1611603162337,6773.623194436189,25460.79897164596,20818.485181002197,5465.127194911727,26376.351536586815,19957.335831896806,14134.594406467337,14815.15138798074,24558.119015633358,10448.800023776972,8172.3214171075315,10039.507436247994,14952.89769957796,4599.655655947216,9.114182963799559,7773.740343577245,3858.306134458777,23645.8550734114,6106.314664447483,13725.771622183915,20561.22092373536,34577.424912322414,8063.514985436604,3898.145449681983,6077.562705819414,6299.5917196695,19029.474421922365,25695.324751827855,5846.325548356417,13818.416822207691,6117.777863639066,9834.297378588837,30405.76001307733,25465.12116150508,4581.521250668728,22459.03811448612,5811.278226237889,11588.354776199252,0.0,10736.131688759437,4787.7648754681095,9113.807121203115,104.39028116269392,18125.572977471318,7413.307293586162,9.677946858467575,5230.883296677169,16681.961564524758,9112.679593413779,23057.285567377992,12521.75986447126,3904.2528918742196,20421.689359805026,204.08252986982106,22882.330838732687,4814.731581763062,9253.432645782561,1794.1785947809547,11638.717684122927,13386.573678891993,5769.559698032455,1201.4748201866494,12078.829364560424,9296.090780479106,10486.66616536884,5012.1429055459785,3776.8422516792484,3451.3625631575815,14427.187867800036,10818.629138679189,8499.022594067645,19459.814194852283,7288.809433513642,104.95404505736195,7836.881899780064,18009.3436545206,5966.595179218927,15827.483421506271,3821.2856387089105,16021.606122570292,6685.394144920645,4705.9251500921355,4936.034779765797,6151.1338940735895,4566.863389407358,5089.002716519051,17938.967128336208,4978.2231112167865,237.53252095345658,11450.796385900254,3839.8898472329547,14336.327920109374,6546.238423586756,4244.578362955477,18660.772834809486,5022.196695000892,5785.063205135825,8367.10184271533,8211.033204541402,20190.26428104381,5994.501492004993,4779.778220293646,6062.6229626107115,5095.861843904178,8404.40422041253,6028.6092076324085,323.4125542412174,5502.147690661594,7903.5,5549.315936515484,3355.1468584675745,5645.0618379599355,2928.6594721512215,7875.405765915711,3782.855733222374,928.8949771146645,3001.7608571598403,4223.907020150983,5968.662313499376,11236.284223979075,11414.62153599239,4967.699518516317,5518.402882957856,3020.4590263329965,11920.881513404269,4360.995607204422,4377.344760149795,7166.848510967128,5720.230357249004,4898.544480770373,19873.05312964394,6178.5704036141,10412.907055816442,13783.369500089162,2760.3759495928193,7576.798823039886,2049.0938358200083,13721.825274921239,6141.174065267788,5139.55354574095,300.5801165071628,7289.091315460976,65898.7374903406,7226.513523152827,4449.5065386673,6610.695428877133,5306.145776615348,3267.6694941449205,2756.429602330143,4471.023527313796,5013.082512037092,4704.139897759021,11432.568019972656
normalized Abundances (by Bio. Rep.): Cntrol 1,73151.3326738473,263.60432033089864,28385.650171546065,26196.789494447166,156816.79293732293,22976.9430311652,39135.41545827306,10048.615587380904,34298.79583029492,12665.951387311568,17616.51610859404,11592.826702609651,12094.241802249824,53001.56959868979,8290.214151653896,26368.368507250365,50475.50325160488,37872.76021207158,419.6883121540687,21804.895864962764,12207.431040872196,43230.35267958542,38845.63966957956,1354.8695173996725,28832.643734085665,40828.05753667021,41322.95338967855,8605.02762668707,11698.173948906768,56708.1864771491,9750.430915350684,11400.083758711791,12445.336302016713,14502.678264455895,7350.025409140358,2849.7611146310264,6501.3895649783035,42085.23283642754,5161.826104888167,36152.90736512415,22964.376947077737,9515.738036604464,12740.497555319123,4751.680458093747,6219.0778412690825,16033.09503173901,21869.710403940182,7592.74924388232,24604.203679573468,25132.73506592868,17915.645598976702,12073.361316660888,30573.18810295155,8531.142831526222,4804.590285830414,11867.57987949935,13614.360049491339,4634.1450550501495,51.39811837276303,6348.140028212454,4983.066472606425,20421.965242495608,7143.393635461621,12687.020836570991,23019.554338860264,36037.922971632135,6146.043382625432,6494.681354675975,7096.152717839595,7897.9255717206015,20639.93483640363,32437.692639657624,7779.3508684893195,12694.01249237905,4928.455971835364,12099.910712364466,31713.016963335762,29252.8989372512,4897.276966204828,22792.042079592593,5117.041714982486,10533.023956677147,51.20915470227493,14529.322141994717,3932.428464692592,7903.5,165.62665718281912,18430.28815555104,9305.799398692185,81.34886014512678,4153.043549987448,15764.010764963958,10660.668916091858,27514.149723254952,10574.218036843551,9619.95150087865,25631.50467418202,45.4457627523879,22433.011105665206,4820.274270480927,12194.48702944376,1739.882996019175,14619.552294652784,20281.754198993436,6585.194952839775,992.531679238742,8429.669340474113,3913.437615808538,9914.923790510573,4170.995098683818,3434.7926384621824,4357.596723290816,16291.030441955267,15320.985439504608,9504.494698210423,23494.89245197308,6964.5395213446345,117.913330384574,6515.089431088691,20391.920018888002,7635.64399708312,13799.1665192287,3894.2578032539955,18530.816828250707,6964.634003179878,5849.748347300092,6695.833181910557,6905.204928811371,2981.374311125988,5649.352374747463,22633.690523723566,4493.367120536515,145.21858077010435,8864.285782596742,4063.002360999869,16818.14460078182,9086.507059090747,5334.066490538069,18943.51348459672,4791.740756237224,10143.097422624955,8049.002026275837,6460.478930317629,17680.19686554853,4340.023101935422,3989.2120476742657,6186.670571780373,8092.369188652855,5945.647410072802,3483.3563017776237,41.38304383689376,5548.445774706817,6730.8859427861,5435.917908931154,2552.048851777026,5856.551039437664,2593.43189561392,5697.065701545708,3615.8198347897815,1000.7515989049743,3650.589150159592,2801.575378656561,7537.193924758819,10736.537829792831,11643.091038959486,6489.295890067065,3349.4755412368054,4708.691223057704,13013.077649998208,4434.599419014717,3491.103812267636,5911.256022043968,4872.7116890413745,3138.8755304778183,16514.85790964842,5684.027208282029,7677.877377437209,15839.407269488709,3977.307336433516,6691.2035719835985,2392.6579957203144,9272.258347180546,6037.95616310624,5104.664594565516,264.17121134236294,6727.201151211581,54209.23641677924,9785.767121731957,4408.238986981626,4188.852165544943,3799.2090769984816,2604.3917885022297,3604.2930508900076,5342.097446533813,3797.791849469821,3838.8914478009824,12871.354897132132
normalized Abundances (by Bio. Rep.): Cntrol 2,64488.48342250779,178.79260225212118,29232.546234525067,22512.38608990575,146351.6090577358,24437.25963755625,33460.57990440798,9653.11964113815,32251.142167946455,11344.350802570018,15829.64765273456,10390.318431126732,11740.242388457322,46364.787789070724,8323.80858649175,25862.469346750546,51900.7234043744,34387.80665562247,453.8377286261166,21080.010521838412,10708.53564552598,40540.18306879492,37087.654570283645,135.35511204638564,25555.222089144598,37729.13164051132,36737.85449640691,7903.5,11993.082199064229,53459.69581253218,7966.223381987509,13727.662383308336,14471.053890841524,11124.243927556025,6919.300247375138,1189.532572925295,6208.907077615349,39519.1808804764,6051.877454162843,32986.74854485214,17428.43038796481,9645.42297790414,11579.939471445523,4444.159512189663,4708.8539535248165,16868.520254538944,19913.21406904117,6547.471792518302,23612.743530188724,26561.981027110527,16759.439958360388,10795.499093330945,23027.708657010455,7603.9494056280655,5679.429727551546,8500.301036513018,12891.026243032082,4938.161437462222,0.0,6254.910122232422,4664.177919810159,16665.310651682375,7613.238481944974,13849.658918937072,18895.573641675437,32699.052581208445,6554.018379636885,6269.507242158992,6787.041494101055,7911.815934988472,18908.40141373212,28569.39465289127,8614.866311088228,11995.55928608207,5131.639627034409,10234.52735118315,27965.69315968569,27489.738582685983,5780.371023528622,21216.161840426248,5580.1693120508635,10461.180813315723,276.19520248942223,10144.90988157335,4460.349045199132,7343.059062213168,41.7566097293425,23220.47910743469,7536.006447424389,8.315934988470753,3236.844993171999,13788.174080458486,10745.249613826145,24496.35585641049,7991.082719559427,10666.159764042179,21015.517791981016,480.3779466744275,23668.38952069668,4875.084185900738,10221.611111732971,2837.503178938414,12936.056146320716,11989.897372898431,5797.799100047014,825.4892486959637,8285.413737715195,4935.6843504443805,10506.387651391346,4025.885675748282,3043.986075354273,3348.0485067944214,14606.23206810092,12311.122478676489,11596.394406635476,25418.097629228327,6294.543514517899,24.682402784929145,7736.6504958696205,19897.1130034252,6245.090241554546,11177.147428865657,3586.1142626877704,17702.679307797356,6344.085254874746,4012.438631937138,5339.626469139672,5488.251690210213,3705.9875808726415,6010.474714007478,18397.59068369563,4177.07645123016,193.38972217869218,8774.196086771588,4004.9189034901165,15658.728648503438,8222.95575790817,4961.339894557747,21705.651928630596,5298.135261590813,9111.079921198147,8301.160933757192,6614.7070115740225,15174.458136515257,4599.862124739753,4709.119355705299,5277.5223589066245,7505.839066242808,5602.551562604939,3484.5536949562343,203.29807025006158,4404.172250330207,7276.796984485885,4163.275537845038,2363.494884595581,6862.504180751753,2697.0169580693546,6537.386509659944,4049.5949372047735,1039.8457431328216,3117.0601423806224,2731.6077089256532,8496.408471199267,9872.695711791177,10911.214444021582,5972.433734804898,3897.607955181446,4134.612102352863,11785.095356958966,3495.7005865365245,4447.3443383554595,6476.609410329312,4764.853813606753,3875.4911068078536,15340.688368891178,7061.025011753118,7270.250397367303,16292.774457677586,3276.8322550314538,7352.436605923572,2387.2041460520722,9978.85658398442,5558.583268038237,5320.605979538383,209.22538561418435,8759.952836418994,42169.663989567714,8681.570725782982,3458.809683449372,5847.075438223377,3085.8311524771098,2454.881702075265,2346.06680807719,4782.1049553381545,3696.5215697687436,4007.926794868925,10906.791074346864
normalized Abundances (by Bio. Rep.): Cntrol 3,46217.697684736544,97.99900757743816,33998.27340657802,16502.220831533352,161158.2606276781,23675.157608378384,34927.60297843524,10868.292951464698,23597.73654683651,10970.075348223565,14025.94647339724,9631.309244708053,9773.14020011909,48232.49084052354,9628.725466730493,23549.01387640253,43909.3688951418,36696.47583742951,165.1772349939871,25859.834166189918,8958.604192693434,46510.77192961973,37296.650550502636,248.134963630632,25781.582604583826,41152.66234865556,43501.03969690248,10729.691718525612,11264.995148805008,60792.88153393502,6540.649394622238,13327.034530467372,13147.09284988733,13176.160352134877,8518.715992013918,959.4121297388178,5776.035668834429,40983.609446695235,6167.2011990799665,39900.914196312864,18816.63995493234,11505.563334072785,17562.677135751732,3772.1312916671536,6392.912660976777,18624.33305117398,24358.013216733416,6348.803879788439,23979.858854160586,23616.468937173813,14398.564168875295,12415.053182173757,22101.6368200446,9065.185034267768,7807.161992550993,10079.59472381464,13076.315788859181,4684.574028885335,11.165611974453876,6194.60770119908,3687.60484068699,22577.60563462504,6557.6285070462,13234.295356629968,20674.83770972224,29719.90618687901,8970.969415871758,4255.943717965184,6342.621268199278,6846.642529393222,16627.903174584644,28953.816016532593,6365.782992212402,13892.789629768007,5873.48100970239,11039.929631402585,27711.11108711135,24355.42943875585,4116.788818316618,19772.914639984123,5354.9721362771315,9982.979883010894,0.0,10328.098798584922,5151.222787189577,7903.5,124.66728741724947,17495.40663055027,8111.494127193546,6.920833868463147,4983.830885357681,14958.87487886607,8451.076375672805,22647.64447337389,10533.970536725474,4016.482866116359,22088.62565237189,170.34479094910625,20141.287557356187,4479.255957454262,8374.30125862532,2072.4667713575177,10949.312846618175,12106.199436070474,4944.151437845158,1245.7500963233663,11707.559405246997,7216.953280248456,11210.920366846081,5677.575272332427,4293.039387500146,3884.6179114759075,15148.321171292135,9320.425387336689,9984.733160924237,24522.267673878272,8676.787837569616,102.70517460799309,8665.52994781025,19490.452340365915,6653.874236710295,13159.919461990217,4052.378924447454,13837.884347744866,7110.003327534472,4320.076778479609,5150.300009340448,5891.01378883583,4273.845608238275,6055.268245980689,20149.315724643606,4814.0397611180515,225.2500729722472,10486.632033065185,4313.617333535711,16795.202798631624,7306.555009398826,4371.936893600626,20389.05340984717,5612.334878399048,6345.758712886316,9209.784323226191,7780.309157141356,16874.00802694719,6666.977682167918,5183.058622984507,5397.327639552126,5525.778316150801,7525.253359642261,5619.440267837336,381.9377517542528,5751.212944692875,7494.06346834172,5852.257119172436,3474.719990893064,6313.276932596996,2694.1422083153334,6788.784358252869,3901.7815794696967,1123.4820313138507,2697.92559749676,3928.265303739682,6483.068056836624,11540.352058984929,10630.95448866887,5285.7637975925,5010.314609627667,3262.296530023702,10563.77626125232,4409.863063199804,4395.283173183576,6601.368177094888,5061.159669114642,4240.164216745088,17933.72610888627,5732.84966549522,9182.562376676902,11562.22189400927,2529.887751170475,8874.077741713272,2252.1316185828205,10776.015166551857,5976.093906525471,4447.789232798982,308.853746103282,6606.720288619833,52171.64492288293,7712.577263015331,4320.076778479609,7266.229617391914,4229.736827049936,3406.8035411972123,2712.3209319431635,4900.504045581385,4031.708700626978,5020.557443752992,12138.127549650317
