Checked,Protein FDR Confidence: Combined,Master,Unique Sequence ID,Protein Group IDs,Accession,Description,Exp. q-value: Combined,Sum PEP Score,# Decoy Protein: Combined,Coverage [%],# Peptides,# PSMs,# Protein Unique Peptides,# Unique Peptides,# Protein Groups,# AAs,MW [kDa],calc. pI,Score Mascot: Mascot,Score Sequest HT: Sequest HT,Coverage [%] (by Search Engine): Mascot,Coverage [%] (by Search Engine): Sequest HT,# PSMs (by Search Engine): Mascot,# PSMs (by Search Engine): Sequest HT,# Peptides (by Search Engine): Mascot,# Peptides (by Search Engine): Sequest HT,# Razor Peptides,Abundances (by Bio. Rep.): Cntrol 1,Abundances (by Bio. Rep.): Cntrol 2,Abundances (by Bio. Rep.): Cntrol 3,Abundances (by Bio. Rep.): Sample- A1,Abundances (by Bio. Rep.): Sample- A2,Abundances (by Bio. Rep.): Sample- A3,Abundances (by Bio. Rep.): Sample- B1,Abundances (by Bio. Rep.): Sample- B2,Abundances (by Bio. Rep.): Sample- B3,Abundances (by Bio. Rep.): Sample- C1,Abundances (by Bio. Rep.): Sample- C2,Abundances (by Bio. Rep.): Sample- C3,normalized Abundances (by Bio. Rep.): Sample- B1,normalized Abundances (by Bio. Rep.): Sample- B2,normalized Abundances (by Bio. Rep.): Cntrol 1,normalized Abundances (by Bio. Rep.): Sample- A2,normalized Abundances (by Bio. Rep.): Cntrol 2,normalized Abundances (by Bio. Rep.): Sample- A1,normalized Abundances (by Bio. Rep.): Cntrol 3,normalized Abundances (by Bio. Rep.): Sample- A3
False,High,Master Protein,-732913762284157568,1977,XP_005251033.1,PLEC#5339#plectin isoform X3 [Homo sapiens],0,1931.671,0,62,257,3757,0,2,1,4689,532.1,5.97,20168,5624.89,60,60,1802,1955,253,242,260,77423.7,72895.2,50085.4,78978.8,74100.9,51355.4,78552.8,73900.5,51145.0,77480.1,73033.2,50001.0,78552.8,69308.5017550309,73252.9788652024,68352.7651049685,65924.26099803319,77501.07712694022,46819.9775497902,48814.94177753741
False,High,Master Protein,6611444595035923456,3758,XP_011515432.1,PLEC#5339#plectin isoform X2 [Homo sapiens],0,1929.761,0,63,256,3765,1,1,1,4552,516.4,5.76,20196,5632.65,62,62,1806,1959,252,241,0,279.0,202.1,106.2,247.2,200.9,93.7,263.0,189.3,91.1,261.4,211.2,107.6,263.0,177.53735606967948,263.9706072351421,185.31583974807558,182.77325732973512,242.5747955879251,99.27606879026061,89.06483144041825
False,High,Master Protein,159881550363046272,2174,XP_006716651.1,PLEC#5339#plectin isoform X4 [Homo sapiens],0,1923.726,0,63,256,3752,0,1,1,4579,518.8,5.76,20128,5614.84,62,61,1800,1952,252,240,0,0.0,0.0,15.7,0.0,0.0,9.5,0.0,0.0,6.6,0.0,0.0,12.7,0.0,0.0,0.0,0.0,0.0,0.0,14.67640564978429,9.030052280511988
False,High,Master Protein,5927523368410573824,3603,NP_008835.5,PRKDC#5591#DNA-dependent protein kinase catalytic subunit isoform 1 [Homo sapiens],0,1302.061,0,50,176,1880,4,176,1,4128,468.8,7.12,9832,2775.57,49,47,922,958,175,166,0,30043.5,33043.3,36843.4,30927.1,34288.0,38415.8,30766.4,33893.8,37796.4,30969.7,34161.2,38211.0,30766.4,31787.721284492884,28425.09296942291,31628.22057382785,29883.382354891823,30348.4423973597,34441.317446959394,36515.44025238868
False,High,Master Protein,5353102455870621696,3475,XP_016873759.1,AHNAK#79026#neuroblast differentiation-associated protein AHNAK isoform X1 [Homo sapiens],0,1204.742,0,57,162,1639,0,162,1,5823,621.4,6.15,5441,2048.99,57,56,758,881,161,157,0,27726.8,25447.1,17883.2,28666.9,26171.9,18711.9,25865.6,23607.6,16757.4,28037.4,25595.3,17845.5,25865.6,22140.680861862467,26233.1907981625,24141.700479356194,23013.60394159081,28130.531584302145,16717.267357721175,17786.256343969715
False,High,Master Protein,-7115142250704837632,462,XP_006717563.1,VIM#7431#vimentin isoform X1 [Homo sapiens],0,880.334,0,92,61,9278,51,59,1,466,53.6,5.12,58171,14038.37,90,92,4635,4643,60,55,2,165975.6,165430.0,174644.7,175359.9,174122.5,184806.0,175228.5,172895.6,184847.6,174160.5,171817.9,183009.3,175228.5,162152.28579017895,157034.69504737295,160615.51670748772,149609.99485432004,172078.85071528718,163258.37336209443,175663.9833423472
False,High,Master Protein,3377890585448933888,2964,NP_001275582.1,CLTC#1213#clathrin heavy chain 1 isoform 2 [Homo sapiens],0,807.882,0,68,85,1597,0,85,1,1679,191.9,5.69,9283,2463.87,68,61,778,819,85,77,0,24318.9,27622.9,25656.4,24565.8,27647.7,25719.0,23427.3,26779.1,24977.8,23151.8,26272.0,24449.6,23427.3,25115.11152628396,23008.870251937984,25503.02012246326,24981.33305241732,24106.164698437908,23983.677319307368,24446.727852893455
False,High,Master Protein,5619484675981056000,3531,NP_002147.2,"HSPD1#3329#60 kDa heat shock protein, mitochondrial [Homo sapiens]",0,759.032,0,80,45,3141,45,45,1,573,61.0,5.87,20006,4787.05,80,74,1574,1567,45,38,0,41421.1,37822.5,37850.5,44950.5,40761.1,40232.7,47379.7,43175.4,42221.9,48933.8,44728.6,43993.4,47379.7,40492.58512018404,39189.79540984783,37599.191018194535,34205.54935850523,44109.459340918394,35382.75745523314,38242.46151433207
False,High,Master Protein,-4615289327887409152,1068,NP_006280.3,TLN1#7094#talin-1 [Homo sapiens],0,729.643,0,49,84,855,77,77,1,2541,269.6,6.07,4844,1506.59,49,46,421,434,84,77,7,10635.5,10911.5,11777.8,10431.1,10501.9,11808.4,9745.8,9883.0,10795.3,9236.2,9531.4,10443.2,9745.8,9268.894294963773,10062.57847042779,9687.249464660601,9868.037592050494,10235.930219487078,11009.92168547958,11224.259931494502
False,High,Master Protein,813436025896797568,2364,NP_006608.1,NES#10763#nestin [Homo sapiens],0,711.084,0,56,76,1849,76,76,1,1621,177.3,4.36,11732,2835.01,56,56,858,991,76,74,0,36302.0,36455.4,25572.5,34659.8,34936.1,24347.5,32889.7,33078.1,23211.5,34163.5,34490.0,24184.9,32889.7,31022.706908655386,34346.45513924777,32226.046336599014,32969.18458811691,34011.30218494485,23905.247355357245,23143.073463133223
False,High,Master Protein,-7679085377781864448,347,XP_006717309.1,"SPTAN1#6709#spectrin alpha chain, non-erythrocytic 1 isoform X2 [Homo sapiens]",0,697.561,0,50,90,876,0,2,1,2505,288.4,5.41,4593,1397.09,47,48,422,454,83,82,90,13405.7,12823.2,11888.1,12844.1,12274.9,11202.1,12632.5,12168.6,11120.4,12569.8,11969.2,11121.3,12632.5,11412.472641677241,12683.551144846397,11322.714790062979,11596.922480903808,12603.782087422609,11113.030446191122,10647.952489634037
False,High,Master Protein,2962281166201317376,2863,NP_002464.1,MYH9#4627#myosin-9 [Homo sapiens],0,694.687,0,44,79,1406,66,66,1,1960,226.4,5.6,10014,2405.05,44,38,701,705,78,62,13,18645.4,17893.2,15199.7,18995.2,18502.7,15546.7,17064.8,16339.7,13878.9,16600.8,15822.8,13383.8,17064.8,15324.390580938942,17640.994839219064,17067.41357942617,16182.080396103003,18639.792706924574,14208.723755097215,14777.633030466919
False,High,Master Protein,-4567547795878987264,1081,NP_001104026.1,FLNA#2316#filamin-A isoform 2 [Homo sapiens],0,693.035,0,47,84,810,0,78,1,2647,280.6,6.06,3837,1225.28,45,46,371,439,81,82,7,12269.9,11744.8,10437.3,13417.6,12981.1,11456.3,13562.4,12663.4,11240.9,12774.0,12330.4,10863.1,13562.4,11876.526966998304,11608.93531797301,11974.133635409376,10621.649444266566,13166.55168802809,9756.818387802137,10889.577678024156
False,High,Master Protein,-1062977815781559168,1894,XP_006717310.1,"SPTAN1#6709#spectrin alpha chain, non-erythrocytic 1 isoform X4 [Homo sapiens]",0,686.499,0,51,89,871,0,1,1,2490,286.7,5.4,4572,1386.17,47,48,419,452,81,81,0,0.0,41.5,0.0,0.0,34.5,0.0,0.0,39.6,0.0,0.0,39.8,0.0,0.0,37.13935182440205,0.0,31.82377536738978,37.53137149522023,0.0,0.0,0.0
False,High,Master Protein,-8201100139023696896,243,NP_005091.2,AKAP12#9590#A-kinase anchor protein 12 isoform 1 [Homo sapiens],0,663.494,0,58,73,993,0,73,1,1782,191.4,4.41,4550,1615.71,56,54,452,541,71,64,0,12800.6,13270.7,10591.0,12559.4,13067.1,10626.9,12149.0,12740.3,9978.5,13529.6,14234.2,11062.0,12149.0,11948.648587081549,12111.047150445018,12053.462466759971,12001.628233773954,12324.408930853506,9900.497594704804,10101.20658734451
False,High,Master Protein,6488855965708197888,3729,XP_005254502.1,PKM#5315#pyruvate kinase PKM isoform X4 [Homo sapiens],0,659.459,0,77,41,2847,0,5,1,531,57.9,7.84,18334,4862.45,77,69,1318,1529,41,39,50,56097.1,52408.9,52268.8,53003.5,49522.3,48863.0,47841.2,44532.0,43969.5,48862.2,45827.8,45655.4,47841.2,41764.88927889575,53075.21702914154,45680.76959062281,47397.05772423729,52011.78470042309,48861.02621830861,46445.836271858665
False,High,Master Protein,-2305783293341844736,1619,NP_001367.2,DYNC1H1#1778#cytoplasmic dynein 1 heavy chain 1 [Homo sapiens],0,654.727,0,30,102,700,102,102,1,4646,532.1,6.4,3364,1082.75,29,29,360,340,99,97,0,8774.4,9408.9,10434.5,9093.6,9671.7,11018.6,8628.0,9218.7,10465.2,7903.5,8461.7,9519.9,8628.0,8645.87228948523,8301.73367786391,8921.449513645906,8509.13063280428,8923.455344491731,9754.200939660775,10473.529900847305
False,High,Master Protein,3453697574232543232,2984,NP_004915.2,ACTN4#81#alpha-actinin-4 isoform 1 [Homo sapiens],0,640.574,0,77,63,1668,0,45,1,911,104.8,5.44,9286,2520.79,77,72,821,847,63,58,20,27908.4,29233.9,25519.7,27745.6,28750.7,24989.9,31759.5,33438.7,28342.9,32756.3,34752.4,29715.2,31759.5,31360.900097238195,26405.008225667527,26520.458505948212,26438.273762749846,27226.469451716563,23855.889761834405,23753.695103659637
False,High,Master Protein,491541445040481152,2267,NP_733821.1,LMNA#4000#lamin isoform A [Homo sapiens],0,637.934,0,76,61,2767,0,4,1,664,74.1,7.02,13070,3834.81,75,74,1304,1463,59,54,69,53423.5,58666.5,47583.9,57552.8,62694.4,51319.2,62949.9,69295.0,56365.6,63557.8,69745.2,56655.1,62949.9,64989.17638060454,50545.64062948607,57831.08702589223,53056.24592347801,56475.96559673437,44481.56807635482,48780.53252568956
False,High,Master Protein,682895518506643584,2325,NP_005338.1,HSPA5#3309#endoplasmic reticulum chaperone BiP precursor [Homo sapiens],0,616.093,0,73,52,2721,48,49,1,654,72.3,5.16,13276,3993.22,72,73,1274,1447,51,46,3,40084.7,38870.6,39767.4,40403.3,39258.7,40241.5,46518.1,45712.7,46483.6,41136.6,40907.6,41797.7,46518.1,42872.223437963214,37925.385662503584,36213.334783065075,35153.41997209897,39647.33915282207,37174.681148868265,38250.82619433928
False,High,Master Protein,-1099892537052863360,1885,NP_001269554.1,LMNA#4000#lamin isoform C [Homo sapiens],0,606.616,0,76,58,2714,0,1,1,572,65.1,6.84,12635,3798.54,76,74,1284,1430,56,51,0,444.2,513.0,179.0,454.8,536.5,186.5,454.3,533.4,180.3,411.2,534.2,162.3,454.3,500.25581472565784,420.2714829170255,494.88276766969904,463.94201390477053,446.2905219797263,167.3297204656935,177.27418424373536
False,High,Master Protein,-8210818149912646656,240,NP_002853.2,"PYGB#5834#glycogen phosphorylase, brain form [Homo sapiens]",0,600.892,0,74,70,1503,58,58,1,843,96.6,6.86,9868,2428.34,74,73,734,769,67,61,12,23078.4,23828.0,28023.9,24195.1,25130.3,29660.0,23143.9,24146.6,28292.2,21546.6,22314.3,26312.5,23143.9,22646.188706139048,21835.194487510766,23180.899191742476,21549.337831038738,23742.400634018635,26196.82320312038,28192.773751577428
False,High,Master Protein,7563214759205697536,3982,XP_011522180.1,MYH10#4628#myosin-10 isoform X1 [Homo sapiens],0,595.936,0,39,68,1135,0,57,1,2016,233.3,5.62,8026,1903.21,37,33,563,572,66,53,1,12920.4,12104.5,9708.3,12765.1,12143.0,9566.3,11899.0,11296.9,9053.9,11585.5,10896.4,8673.3,11899.0,10594.937970330491,12224.393669250645,11201.046501049685,10946.951476238391,12526.260206955594,9075.34706814018,9093.07254011177
False,High,Master Protein,-2220837361715177216,1638,NP_001258898.1,HSP90AB1#3326#heat shock protein HSP 90-beta isoform a [Homo sapiens],0,593.239,0,67,50,3487,0,30,1,724,83.2,5.03,13508,5581.42,67,63,1601,1886,50,42,23,45755.2,45825.0,50403.0,45942.1,45992.1,50918.0,42287.8,42383.7,46361.5,39637.1,39521.9,43547.7,42287.8,39750.07944242194,43290.42268159632,42424.41330650804,41442.77346430041,45082.50613422335,47116.87095325335,48399.179159906256
False,High,Master Protein,3819136565778514944,3072,NP_001952.1,EEF2#1938#elongation factor 2 [Homo sapiens],0,587.683,0,67,51,1910,50,50,1,858,95.3,6.83,11039,3019.65,67,66,895,1015,51,48,1,41114.4,41922.4,40417.8,41625.0,42485.2,40476.7,37942.9,38592.7,36833.4,33829.0,34805.5,33419.2,37942.9,36194.64300892931,38899.61696813092,39189.54960111966,37913.37755111375,40846.18068910753,37782.676959990546,38474.391278168376
False,High,Master Protein,-3449706356717901824,1323,XP_016877802.1,PKM#5315#pyruvate kinase PKM isoform X5 [Homo sapiens],0,561.517,0,71,39,2599,0,3,1,531,58.0,7.71,16916,4278.48,71,63,1214,1385,39,36,0,1434.0,153.0,268.9,1336.4,136.6,229.2,1333.0,129.6,219.1,1302.3,138.0,224.0,1333.0,121.54696960713396,1356.7521533161066,126.00370188943315,138.3686708137035,1311.3954564065662,251.36850186159205,217.86189291508921
False,High,Master Protein,-6896953880380314624,525,NP_009057.1,VCP#7415#transitional endoplasmic reticulum ATPase isoform 1 [Homo sapiens],0,558.759,0,76,54,1620,3,54,1,806,89.3,5.26,8857,2601.29,76,68,771,849,54,47,0,30516.6,28886.6,27939.1,29379.9,27917.7,26789.0,28127.5,26863.6,26469.2,28433.4,27325.8,26506.4,28127.5,25194.360900757747,28872.707644272174,25752.075755773265,26124.18592370671,28830.19108775761,26117.55191655339,25463.796899224806
False,High,Master Protein,-8293079878251606016,219,NP_003290.1,HSP90B1#7184#endoplasmin precursor [Homo sapiens],0,540.241,0,71,59,2457,57,57,1,803,92.4,4.84,10608,3401.53,71,63,1165,1292,59,51,2,43212.6,42647.5,44596.5,40011.4,38733.5,41138.6,47689.6,46625.5,49971.0,44645.9,43807.9,46562.3,47689.6,43728.30425476408,40884.78947028423,35728.87545486354,38569.136526323,39262.7717483281,41688.937870102236,39103.548289165316
False,High,Master Protein,-772083225745130752,1971,XP_011541100.1,HSPA8#3312#heat shock cognate 71 kDa protein isoform X1 [Homo sapiens],0,535.529,0,80,48,2339,9,39,1,646,70.9,5.52,10260,3260.34,80,78,1061,1278,48,46,6,43736.4,41527.0,47141.4,43944.2,41279.9,46560.9,39888.0,37439.0,41888.3,38765.7,36773.9,41399.5,39888.0,35112.63113519667,41380.372997416016,38077.74680545836,37555.789495952056,43121.98759010881,44067.91778972874,44257.61697133586
False,High,Master Protein,-5866289401045489664,770,NP_006827.1,GCN1#10985#eIF-2-alpha kinase activator GCN1 [Homo sapiens],0,533.25,0,38,77,653,77,77,1,2671,292.5,7.43,3450,1015.6,35,36,313,340,73,70,0,9107.6,8933.8,11627.6,8724.1,8572.5,11035.0,8273.4,7994.2,10729.9,7903.0,7717.9,10079.9,8273.4,7497.459756430172,8616.984596612116,7907.516357592722,8079.464256963818,8560.868827623857,10869.514288753619,10489.118622678925
False,High,Master Protein,7054273267636823040,3854,NP_001348.2,DHX9#1660#ATP-dependent RNA helicase A [Homo sapiens],0,523.236,0,48,51,974,51,51,1,1270,140.9,6.84,6291,1618.59,48,45,491,483,51,45,0,12381.4,13556.5,12207.7,12794.6,13942.2,12672.4,13003.0,14191.3,13057.9,13392.4,14409.4,12914.4,13003.0,13309.48695822315,11714.428947746193,12860.67944716585,12260.097293372362,12555.208250927453,11411.793455469535,12045.519423111591
False,High,Master Protein,5579729439990208512,3523,NP_001419.1,ENO1#2023#alpha-enolase isoform 1 [Homo sapiens],0,512.817,0,72,33,3676,5,30,1,434,47.1,7.39,15112,5854.93,71,72,1679,1997,32,30,4,60020.2,60428.7,65880.3,58056.9,58781.1,63647.8,56577.2,57363.7,62621.9,57985.7,59014.6,64077.5,56577.2,53799.25849114777,56786.98437410278,54221.34847095871,54649.92743790878,56970.63369728402,61585.095995508535,60499.25910942852
False,High,Master Protein,5950667386624240640,3608,XP_016860269.1,"SPTBN1#6711#spectrin beta chain, non-erythrocytic 1 isoform X1 [Homo sapiens]",0,512.358,0,43,79,533,0,73,1,2364,274.4,5.57,2840,769.35,43,41,262,271,79,73,6,10319.9,9004.7,7088.0,9463.8,7852.2,6362.7,9631.1,8050.7,6369.4,9370.8,7922.4,6245.0,9631.1,7550.448983149332,9763.9794609532,7243.091273617913,8143.58411814481,9286.72876409792,6625.883009278411,6047.9488047593295
False,High,Master Protein,-7065009906831581184,479,NP_005339.3,HSP90AA1#3320#heat shock protein HSP 90-alpha isoform 2 [Homo sapiens],0,502.605,0,70,50,2948,1,32,1,732,84.6,5.02,10321,4657.0,70,59,1377,1571,50,39,0,12065.9,15517.2,14442.3,12209.4,15565.2,14112.3,11457.6,14410.9,13268.6,10457.1,13310.3,12337.8,11457.6,13515.441545613015,11415.924551392476,14357.780531840446,14033.29633170196,11980.957561695845,13500.704032858575,13414.190189291508
False,High,Master Protein,-2642413420324570624,1527,XP_005271449.1,HYOU1#10525#hypoxia up-regulated protein 1 isoform X1 [Homo sapiens],0,470.492,0,51,43,991,0,42,1,1000,111.3,5.22,5655,1615.45,51,51,469,522,43,40,1,13172.2,16357.5,14247.3,11774.1,14320.3,12343.3,13982.8,17181.3,15260.0,13629.0,16922.6,14730.2,13982.8,16113.695593449465,12462.629507608382,13209.44957662701,14793.238776700358,11553.80218742633,13318.417465870809,11732.699401478276
False,High,Master Protein,-8490614885601303552,180,XP_016885266.1,UBA1#7317#ubiquitin-like modifier-activating enzyme 1 isoform X1 [Homo sapiens],0,469.502,0,60,46,1217,0,46,1,1109,123.1,5.85,8011,1932.67,58,59,551,666,45,44,0,15349.7,12574.4,14278.8,15272.5,12529.4,14440.0,14444.1,11780.7,13456.1,13948.6,11346.2,13065.0,14444.1,11048.675809033666,14522.830214613838,11557.47278516445,11371.915126011982,14986.745815601076,13347.86375746114,13725.679466378222
False,High,Master Protein,-6252367434931230720,666,NP_004095.4,FASN#2194#fatty acid synthase [Homo sapiens],0,460.858,0,37,66,586,66,66,1,2511,273.3,6.44,3291,920.07,36,36,282,304,64,65,0,7779.3,7821.3,9231.6,7371.7,7241.6,8391.3,6929.1,6829.3,8071.0,6986.8,7086.3,8126.4,6929.1,6404.9438235956795,7360.2385120585695,6679.856571028691,7073.352189772674,7233.772737198655,8629.726522073162,7976.1976527852885
False,High,Master Protein,6980118088250601472,3836,NP_001605.1,"ACTG1#71#actin, cytoplasmic 2 [Homo sapiens]",0,452.043,0,83,25,3533,1,1,1,375,41.8,5.48,24969,5726.65,83,79,1712,1821,25,24,0,3016.2,1344.6,1039.7,2952.4,1326.7,1009.0,3163.5,1427.2,1139.3,3119.5,1459.3,1156.6,3163.5,1338.5172455501668,2853.720951765719,1223.7855878236528,1216.0164364451352,2897.159492288795,971.9145830624667,959.0866053722733
False,High,Master Protein,-1518063030880019968,1795,NP_001093.1,ACTN1#87#alpha-actinin-1 isoform b [Homo sapiens],0,450.937,0,71,50,1071,0,32,1,892,103.0,5.41,6057,1569.28,69,67,524,547,49,45,0,6881.1,7018.3,6259.4,6687.1,6789.1,6166.2,7377.1,7558.9,6707.8,8069.5,8278.2,7380.4,7377.1,7089.208245087692,6510.423460378984,6262.457778166549,6347.1427606001,6561.98185912627,5851.305320016547,5861.169302325581
False,High,Master Protein,-174490317750568224,2100,NP_001092.1,"ACTB#60#actin, cytoplasmic 1 [Homo sapiens]",0,447.673,0,83,25,3461,1,1,1,375,41.7,5.48,24131,5726.65,83,79,1640,1821,25,24,36,44543.2,44670.9,44413.3,46037.2,45927.7,45398.0,54810.4,53502.5,52601.8,54852.2,53719.8,53205.3,54810.4,50177.98411578461,42143.71165661785,42365.00892582224,40399.0395885743,45175.826777671624,41517.6819774245,43152.24351901929
False,High,Master Protein,-8775397801672845312,104,XP_016884680.1,HUWE1#10075#E3 ubiquitin-protein ligase HUWE1 isoform X1 [Homo sapiens],0,441.813,0,24,64,445,0,64,1,4501,494.0,5.24,1968,767.85,22,23,204,241,60,63,0,5463.3,6840.8,6683.3,5436.0,6705.0,6653.0,5311.5,6692.7,6459.4,5079.4,6314.4,6395.6,5311.5,6276.831817049888,5168.998632644272,6184.88156053184,6186.617015048254,5334.290407831557,6247.568272560723,6323.888191815396
False,High,Master Protein,562319574892213760,2291,NP_002037.2,GAPDH#2597#glyceraldehyde-3-phosphate dehydrogenase isoform 1 [Homo sapiens],0,436.172,0,87,25,2074,1,25,1,335,36.0,8.46,10417,3135.03,83,87,916,1158,24,24,0,38264.4,37286.9,43240.0,36867.9,36404.2,41705.2,34335.1,33755.6,37944.1,34229.8,33346.6,38731.4,34335.1,31658.108698075393,36203.14302325581,33580.26328201539,33721.16857361752,36178.08780847923,40420.87772590272,39642.119617811426
False,High,Master Protein,3125798911978513920,2908,NP_001244957.1,TKT#7086#transketolase isoform 2 [Homo sapiens],0,431.727,0,73,39,1082,0,39,1,631,68.8,7.52,5485,1672.5,71,72,497,585,37,34,0,24305.6,19700.4,20391.3,24862.2,19793.3,20791.0,23307.4,18693.5,20205.9,22907.0,18242.7,19198.2,23307.4,17531.931144683324,22996.286706861898,18257.899506648002,17816.45857842016,24397.01894363314,19061.846530346902,19762.507048855237
False,High,Master Protein,454806171855366464,2254,NP_000173.2,"HADHA#3030#trifunctional enzyme subunit alpha, mitochondrial precursor [Homo sapiens]",0,429.944,0,69,45,725,45,45,1,763,82.9,9.04,4488,1062.57,66,67,373,352,44,39,0,10071.5,10902.8,12468.4,10105.7,10902.5,12480.9,11481.1,12318.0,14163.4,12690.4,13993.0,15765.8,11481.1,11552.589287196575,9528.960468705138,10056.774230230929,9860.169569592459,9916.61857513307,11655.496573488563,11863.49257977285
False,High,Master Protein,2402053168044673024,2733,NP_001677.2,"ATP5F1B#506#ATP synthase subunit beta, mitochondrial precursor [Homo sapiens]",0,423.896,0,74,26,1198,26,26,1,529,56.5,5.4,9795,2263.29,74,74,564,634,26,26,0,13484.6,13089.5,19032.4,14233.8,14027.7,20355.9,15386.7,15083.1,22388.7,15711.4,15246.9,22489.6,15386.7,14145.872664208044,12758.200897215043,12939.547064380686,11837.75631775145,13967.480280903756,17791.54285916908,19348.930654407788
False,High,Master Protein,8705476780399299584,4242,NP_003861.1,IQGAP1#8826#ras GTPase-activating-like protein IQGAP1 [Homo sapiens],0,419.852,0,47,51,467,48,51,1,1657,189.1,6.48,2190,785.35,47,46,232,235,51,48,0,5029.2,5023.5,4087.8,5019.1,5076.6,4206.3,4710.1,4613.7,3786.1,4450.5,4454.1,3666.6,4710.1,4327.0158462687805,4758.2830749354,4682.799363191042,4543.104691716598,4925.1907626834745,3821.287325808167,3998.221990265008
False,High,Master Protein,6256395688163040256,3680,NP_054733.2,SNRNP200#23020#U5 small nuclear ribonucleoprotein 200 kDa helicase [Homo sapiens],0,416.32,0,34,55,472,55,55,1,2136,244.4,6.06,2891,748.58,33,34,224,248,54,51,0,6582.3,5322.7,6927.9,6718.6,5363.2,6898.4,6877.9,5566.5,7166.5,6894.8,5607.2,7209.0,6877.9,5220.611159861969,6227.719455211024,4947.167305808257,4813.692314641174,6592.89248235046,6476.221063766916,6557.148700198305
False,High,Master Protein,-2333101891394808832,1606,NP_001341087.1,ACSL3#2181#long-chain-fatty-acid--CoA ligase 3 [Homo sapiens],0,413.755,0,62,33,1060,30,30,1,720,80.4,8.38,4295,1690.02,58,62,491,569,30,33,4,16969.5,19067.5,20182.9,17866.8,20282.1,21678.6,21333.2,24232.5,26141.2,22241.5,25285.2,27097.3,21333.2,22726.75108800057,16055.373546511626,18708.78244576627,17244.082553858112,17532.505492760276,18867.033604396904,20606.199091400755
False,High,Master Protein,6674387397432112128,3776,NP_006079.1,TUBB4B#10383#tubulin beta-4B chain [Homo sapiens],0,400.997,0,82,28,1310,1,1,1,445,49.8,4.89,5848,2102.48,82,82,626,684,28,26,34,23147.0,22509.1,26396.4,17559.9,16927.3,19976.9,17505.4,16737.1,19791.3,19479.5,18797.2,22156.6,17505.4,15697.097106570693,21900.099088429513,15614.220080475854,20356.56371380871,17231.347706490316,24675.431470953252,18988.67909500631
False,High,Master Protein,6480137070562712576,3727,NP_821133.1,TUBB#203068#tubulin beta chain isoform b [Homo sapiens],0,400.362,0,82,28,1509,0,5,1,444,49.6,4.89,7351,2396.87,82,82,728,781,28,26,2,8036.2,7401.0,6880.1,5966.6,5512.0,5094.9,5854.7,5459.4,4990.8,6835.8,6515.0,5816.4,5854.7,5120.1660947005175,7603.29961958082,5084.424632610217,6693.245311713853,5854.962683474571,6431.537484782223,4842.864564629529
False,High,Master Protein,8610404900026586112,4223,NP_004334.1,CALR#811#calreticulin precursor [Homo sapiens],0,392.637,0,77,27,1724,27,27,1,417,48.1,4.44,6129,2200.6,77,69,837,887,27,21,0,26041.2,26690.9,25986.6,24651.4,25077.4,24576.0,28031.4,29212.5,28573.1,27947.1,29155.7,28071.7,28031.4,27397.30593864507,24638.392032730404,23132.102736179146,24138.45984197045,24190.16309043761,24292.349239406652,23360.26998377501
False,High,Master Protein,-410325427073227712,2043,NP_001393.1,EEF1A1#1915#elongation factor 1-alpha 1 [Homo sapiens],0,392.58,0,73,29,1127,17,17,1,462,50.1,9.01,4145,1571.91,73,71,554,573,28,26,16,26600.6,30024.6,25592.8,28411.4,32302.2,27115.9,24557.6,27791.8,23809.4,22177.8,25076.7,21240.1,24557.6,26064.884798823656,25167.657830892906,29796.462512246322,27153.359436033476,27879.812084817055,23924.223854382126,25774.52575085632
False,High,Master Protein,-7576515921520274432,370,NP_004902.1,PDIA4#9601#protein disulfide-isomerase A4 isofrom 2 precursor [Homo sapiens],0,384.678,0,58,45,1082,0,45,1,645,72.9,5.07,3876,1415.05,58,57,524,558,45,41,0,18962.0,18944.2,15603.5,17322.9,17417.5,14315.3,17994.7,18413.7,15060.3,18427.1,18491.1,15043.1,17994.7,17269.51723962101,17940.53997990238,16066.394419174247,17132.573683849423,16998.78206508927,14586.197169198036,13607.148148548764
False,High,Master Protein,5561612098835552256,3519,NP_004125.3,"HSPA9#3313#stress-70 protein, mitochondrial precursor [Homo sapiens]",0,378.739,0,65,39,924,38,38,1,679,73.6,6.16,5979,1408.76,65,63,440,484,39,37,0,12778.5,12202.8,13454.0,13763.1,13170.3,14688.0,14882.6,14352.7,16239.8,14654.2,14040.2,15767.4,14882.6,13460.857952780183,12090.137650732126,12148.657064380684,11035.851086310202,13505.58725386801,12576.83831924827,13961.411357490535
False,High,Master Protein,-2586862151232699392,1541,NP_000909.2,P4HB#5034#protein disulfide-isomerase precursor [Homo sapiens],0,378.499,0,72,37,1236,10,37,1,508,57.1,4.87,6653,1834.17,72,68,593,643,37,33,0,32358.8,26029.6,23951.2,31770.4,25814.2,23934.2,35202.6,28549.4,26245.9,35373.9,28329.6,26136.6,35202.6,26775.409368070297,30615.670556991096,23811.74788663401,23540.399698120105,31175.963939104433,22389.65140121742,22750.218662340005
False,High,Master Protein,-1039523901046503168,1899,NP_573566.2,"LRPPRC#10128#leucine-rich PPR motif-containing protein, mitochondrial precursor [Homo sapiens]",0,375.681,0,51,59,485,0,59,1,1394,157.8,6.13,2015,690.47,49,50,231,254,58,56,0,9029.4,8595.2,9823.8,8889.3,8614.0,9686.1,9532.5,9083.7,10546.5,10381.8,9866.6,11120.4,9532.5,8519.260862811134,8542.997136089576,7945.797130860741,7773.244440378721,8722.977873866272,9183.316803971395,9206.946252028123
False,High,Master Protein,4874670657009698816,3346,XP_024306305.1,PRPF8#10594#pre-mRNA-processing-splicing factor 8 isoform X1 [Homo sapiens],0,372.958,0,30,59,458,59,59,1,2335,273.4,8.84,1753,666.68,29,30,213,245,57,57,0,5085.2,6419.8,8460.5,5168.2,6451.7,8313.5,5203.3,6589.0,8548.8,5181.3,6688.1,8697.6,5203.3,6179.575484115785,4811.266422624174,5951.2304793561925,5805.8770777112,5071.501045944638,7908.9,7902.2462772669915
False,High,Master Protein,-8484028389043526656,185,NP_066964.1,XRCC5#7520#X-ray repair cross-complementing protein 5 [Homo sapiens],0,370.837,0,61,35,816,35,35,1,732,82.7,5.81,4883,1323.96,61,60,400,416,35,30,0,12560.7,9608.4,10923.1,12939.8,10028.4,11124.3,12180.8,9458.6,10603.8,12379.7,9504.4,10684.8,12180.8,8870.865483997202,11884.070273471145,9250.47967809657,8689.552527100579,12697.691504646575,10210.945640328586,10574.001114115737
False,High,Master Protein,4560107996083379712,3268,NP_938149.2,GANAB#23193#neutral alpha-glucosidase AB isoform 3 precursor [Homo sapiens],0,367.701,0,62,44,805,0,1,1,966,109.4,6.24,2876,1149.96,62,58,397,408,44,40,46,14409.5,14571.5,14170.6,14754.7,14843.9,14114.2,18305.4,18567.8,17638.9,16400.9,16726.6,15914.0,18305.4,17414.04183851344,13633.27765216767,13692.43301959412,13178.033246809677,14478.634047172973,13246.718082855623,13415.996199747611
False,High,Master Protein,4815879602494018560,3329,NP_001888.2,CSPG4#1464#chondroitin sulfate proteoglycan 4 precursor [Homo sapiens],0,365.524,0,29,48,440,48,48,1,2322,250.4,5.47,2536,719.37,29,29,209,231,48,46,0,4904.8,5581.9,5076.6,4686.8,5419.2,4944.5,4756.0,5402.1,4978.3,4654.1,5294.6,4895.3,4756.0,5066.4265780455125,4640.584352569624,4998.823289013295,5048.105121666742,4599.10821990893,4745.620440872289,4699.904579051739
False,High,Master Protein,-3028691531671689216,1431,NP_938148.1,GANAB#23193#neutral alpha-glucosidase AB isoform 2 precursor [Homo sapiens],0,364.58,0,64,44,806,0,1,1,944,106.8,6.14,2878,1153.02,64,62,395,411,44,41,0,54.4,0.0,12.1,53.2,0.0,9.0,83.5,0.0,2.4,69.6,0.0,9.7,83.5,0.0,51.46953775480907,0.0,0.0,52.20460811196447,11.31111518231783,8.554786371011357
False,High,Master Protein,8375301801822560256,4169,NP_004784.2,"LONP1#9361#lon protease homolog, mitochondrial isoform 1 precursor [Homo sapiens]",0,363.901,0,56,39,512,0,39,1,959,106.4,6.39,2204,800.02,56,54,244,268,38,35,0,6718.9,7070.3,6713.0,6986.0,7393.6,7124.2,7861.4,8253.2,7843.5,7953.6,8560.5,8273.4,7861.4,7740.366123160479,6356.960978323284,6820.0656682995095,6394.170021268809,6855.2893283869125,6275.331918917321,6771.77878492879
False,High,Master Protein,6210925912035565568,3671,XP_006718627.1,NUMA1#4926#nuclear mitotic apparatus protein 1 isoform X3 [Homo sapiens],0,363.784,0,31,44,318,0,44,1,2115,238.1,5.78,1697,530.45,30,28,160,158,41,40,0,5274.1,5272.2,3996.2,5000.5,5023.0,3886.9,5016.8,4979.6,3822.8,5305.6,5217.3,4106.3,5016.8,4670.179705676576,4989.990607952914,4633.357207837648,4768.0216095686765,4906.9387756368105,3735.659379469298,3694.622127276005
False,High,Master Protein,1547781430018805504,2537,NP_005304.3,PDIA3#2923#protein disulfide-isomerase A3 precursor [Homo sapiens],0,359.278,0,63,39,1151,39,39,1,505,56.7,6.35,5767,1570.94,62,62,559,592,38,33,0,21614.7,18837.8,24467.0,20182.0,17506.3,22756.9,22094.0,19655.5,25273.4,21903.7,19363.0,25165.7,22094.0,18434.154792538746,20450.342237295434,16148.306049685092,17036.348673558063,19804.387235256894,22871.822740972755,21631.15755182982
False,High,Master Protein,1156142612126302720,2441,NP_004437.2,EPRS1#2058#bifunctional glutamate/proline--tRNA ligase [Homo sapiens],0,359.252,0,39,49,495,19,49,1,1512,170.5,7.33,2006,754.29,39,37,238,257,49,45,0,7560.6,8605.7,7106.4,7786.6,8911.9,7307.4,7449.3,8549.8,6898.1,6866.3,8042.2,6498.8,7449.3,8018.53611687557,7153.319616709732,8220.588512946115,7782.740329552211,7640.909803094408,6643.083382778795,6945.916214169821
False,High,Master Protein,-2084755087725056256,1665,NP_000692.2,ATP1A1#476#sodium/potassium-transporting ATPase subunit alpha-1 isoform a [Homo sapiens],0,356.985,0,49,39,1242,0,36,1,1023,112.8,5.49,8020,2047.01,49,48,587,655,39,38,3,13428.0,15655.1,14341.8,13066.6,15368.3,13959.6,13345.4,15984.3,14206.1,13839.7,16162.5,14608.0,13345.4,14991.07427693913,12704.649870801033,14176.154405178444,14158.009009513788,12822.119029244264,13406.756340641805,13269.043980530016
False,High,Master Protein,8846805291568529408,4278,NP_001152759.1,TPI1#7167#triosephosphate isomerase isoform 2 [Homo sapiens],0,356.179,0,80,23,1133,0,23,1,286,30.8,5.92,6128,1929.94,80,79,538,595,23,21,0,24364.0,21358.8,22405.0,24001.3,20980.0,22064.1,22851.1,19952.6,20858.6,24370.8,20856.0,21882.8,22851.1,18712.79371746374,23051.540769451618,19352.54513645906,19316.266445593006,23552.226704467907,20944.259145440574,20972.62910762574
False,High,Master Protein,4751284344252295168,3308,NP_002511.1,NPM1#4869#nucleophosmin isoform 1 [Homo sapiens],0,353.547,0,69,23,1981,0,23,1,294,32.6,4.78,6657,2619.0,69,69,1017,964,23,19,0,38142.7,36961.7,32207.0,42404.5,40872.8,35887.2,43473.3,41374.7,36381.5,43406.0,41653.9,36799.9,43473.3,38803.77626083553,36087.99885515359,37702.22625612316,33427.06732035859,41611.095952702955,30107.197246025647,34111.92549486209
False,High,Master Protein,-7238306351176714240,434,NP_002256.2,KPNB1#3837#importin subunit beta-1 isoform 1 [Homo sapiens],0,350.959,0,62,34,508,6,34,1,876,97.1,4.78,2799,865.18,61,62,228,280,33,34,0,6505.0,7408.4,9721.7,6499.3,7449.9,9734.9,6043.4,6811.5,9233.0,5636.6,6380.8,8581.8,6043.4,6388.249872523094,6154.583512776341,6871.998379986003,6699.93765265517,6377.695667332531,9087.873427102417,9253.332204795384
False,High,Master Protein,-6017876226430429184,729,NP_005900.2,MAP1B#4131#microtubule-associated protein 1B isoform 1 [Homo sapiens],0,347.486,0,30,52,360,6,52,1,2468,270.5,4.81,1330,483.1,29,27,178,182,51,48,0,6874.0,7086.8,4612.1,6407.6,6486.9,4317.3,6326.1,6688.8,4285.3,6224.5,6389.0,4148.7,6326.1,6273.1741536126365,6503.705928797013,5983.699954513645,6409.09213282715,6287.711408613224,4311.404490278353,4103.731022174148
False,High,Master Protein,3490068427957957632,2995,NP_001596.2,"AARS1#16#alanine--tRNA ligase, cytoplasmic [Homo sapiens]",0,347.426,0,61,43,542,43,43,1,968,106.7,5.53,3454,893.18,59,57,260,282,42,38,0,7510.6,7671.8,6873.4,8083.3,8305.4,7485.9,8068.4,8250.3,7444.9,7063.4,7193.0,6468.2,8068.4,7737.646322143035,7106.0130562733275,7661.1357662701175,6938.148815350134,7932.058435177488,6425.2743053011045,7115.586143861547
False,High,Master Protein,-613397371873318528,2000,NP_002145.3,HSPA4#3308#heat shock 70 kDa protein 4 [Homo sapiens],0,347.09,0,64,45,476,42,43,1,840,94.3,5.19,2399,641.1,63,57,231,245,44,38,2,8359.2,8943.2,7419.6,8227.9,8757.7,7392.3,7868.7,8431.5,7030.5,7635.4,8258.0,6704.5,7868.7,7907.586992612269,7908.9,8078.350073477956,8087.965338700086,8073.95291512091,6935.863653448378,7026.6163656030285
False,High,Master Protein,2399497510241032192,2732,NP_004037.1,"ATP5F1A#498#ATP synthase subunit alpha, mitochondrial isoform a precursor [Homo sapiens]",0,345.788,0,61,34,1673,0,34,1,553,59.7,9.13,11319,2590.07,61,61,771,902,34,34,0,21845.4,21373.3,18019.4,22120.1,21896.4,18675.6,23192.4,23499.9,20028.9,23731.8,23836.6,20252.6,23192.4,22039.673079249133,20668.61470714901,20197.858404478655,19329.379816356395,21706.224659726788,16844.587513740324,17751.752038939965
False,High,Master Protein,4388597074234396672,3223,NP_000691.1,ANXA1#301#annexin A1 [Homo sapiens],0,343.402,0,73,27,1777,1,27,1,346,38.7,7.02,13413,2881.23,73,71,850,927,27,25,0,34332.2,32293.7,31376.8,33367.4,31480.7,30823.8,31717.7,29868.0,28995.5,29850.0,28154.7,27346.9,31717.7,28012.0747548293,32482.765884295142,29038.68768719384,29205.46630494442,32743.083472089533,29331.123872111573,29299.002682531096
False,High,Master Protein,7742249596596208640,4025,NP_055205.2,SND1#27044#staphylococcal nuclease domain-containing protein 1 [Homo sapiens],0,343.08,0,50,39,487,16,39,1,910,101.9,7.17,2437,754.63,50,50,236,251,39,36,0,8233.7,9737.9,6898.5,8025.7,9261.5,6604.3,7660.1,9035.4,6225.4,7581.5,8969.8,6222.1,7660.1,8473.9621079344,7790.160533304623,8543.069436668999,8806.668493573616,7875.536152710399,6448.737858282607,6277.597292230034
False,High,Master Protein,2214005141303334400,2703,NP_001275905.1,XRCC6#2547#X-ray repair cross-complementing protein 6 isoform 1 [Homo sapiens],0,338.87,0,59,39,688,0,39,1,609,69.8,6.64,2998,1123.91,59,49,322,366,39,32,0,13435.4,13559.3,15055.4,13970.2,14259.5,15636.5,13457.8,13604.9,15189.6,13235.5,13396.3,14706.6,13457.8,12759.52443524766,12711.65124174562,13153.365937718683,12262.629530485292,13708.81233544673,14073.831695526267,14862.990787813233
False,High,Master Protein,8447085133855285248,4188,NP_001099008.1,MYBBP1A#10514#myb-binding protein 1A isoform 1 [Homo sapiens],0,335.286,0,38,37,486,0,37,1,1332,149.3,9.28,2666,706.95,38,36,249,237,37,32,0,5216.3,5800.6,6365.0,5482.9,5871.2,6696.5,5518.2,5893.2,6537.2,5390.2,5735.6,6511.0,5518.2,5527.010812413286,4935.304224088429,5415.760867739677,5245.890927594565,5380.312891298683,5950.02050706223,6365.236325941951
False,High,Master Protein,5926930809007955968,3601,NP_006635.2,HSPH1#10808#heat shock protein 105 kDa isoform 1 [Homo sapiens],0,334.554,0,58,40,767,0,38,1,858,96.8,5.39,4138,1142.71,57,53,369,398,39,35,0,12806.6,11568.7,11963.8,12456.9,11293.7,11867.3,11738.4,10409.2,11009.0,11071.9,9746.9,10466.4,11738.4,9762.397500266812,12116.723937697387,10417.628170048985,10462.389817271187,12223.826744171618,11183.79502629868,11280.246255633676
False,High,Master Protein,3602445909866352640,3023,NP_005372.2,NCL#4691#nucleolin [Homo sapiens],0,331.565,0,44,46,1393,46,46,1,710,76.6,4.7,5660,1675.31,44,43,671,722,46,38,0,33565.2,31611.3,30030.1,35616.8,33661.5,32571.9,35260.9,33846.4,32110.7,35532.5,33881.2,32360.1,35260.9,31743.266605793975,31757.083247200684,31050.31926172148,28588.323945707354,34950.396357184516,28072.224796406826,30960.627355327204
False,High,Master Protein,361994698644895616,2232,NP_004030.1,ANXA2#302#annexin A2 isoform 2 [Homo sapiens],0,329.371,0,78,32,1609,1,32,1,339,38.6,7.75,12059,2648.59,78,75,796,813,32,28,0,30961.4,31073.3,26393.6,32972.8,33025.1,28247.0,31841.7,31657.5,26640.8,31716.3,31596.1,27101.9,31841.7,29690.379555075953,29293.54680591444,30463.285909727078,28101.772671865703,32355.866585604927,24672.814022811886,26849.672291328647
False,High,Master Protein,7449371538365957120,3957,NP_003283.2,TPR#7175#nucleoprotein TPR [Homo sapiens],0,326.889,0,24,52,345,51,52,1,2363,267.1,5.02,1616,465.73,24,22,173,172,51,45,0,5183.3,6533.9,4461.3,5338.5,6821.9,4638.4,5657.6,7301.7,5021.4,5574.7,7131.8,4876.0,5657.6,6847.99003071304,4904.081894200402,6292.713425472357,5909.065740063119,5238.614669280494,4170.4362118078125,4408.946789255453
False,High,Master Protein,-165801227635855456,2102,NP_114032.2,HNRNPU#3192#heterogeneous nuclear ribonucleoprotein U isoform a [Homo sapiens],0,326.427,0,51,40,1083,2,2,1,825,90.5,6.0,3602,1466.31,51,45,530,553,40,33,40,24123.2,23981.9,21427.6,26021.2,25811.9,23327.8,26577.6,26186.5,23642.4,26623.8,26401.8,23902.6,26577.6,24559.33425630566,22823.712374389892,23809.626301609514,21688.52043521017,25534.333620358077,20030.58278352343,22173.81616729764
False,High,Master Protein,8732346175470674944,4249,XP_006720201.1,KTN1#3895#kinectin isoform X1 [Homo sapiens],0,326.088,0,38,43,409,0,43,1,1357,156.2,5.64,2138,662.82,38,36,202,207,43,39,0,5415.9,6307.6,5803.1,5248.6,6081.9,5680.7,5239.3,6039.6,5775.4,5652.3,6523.5,6184.8,5239.3,5664.313870673197,5124.152013350559,5610.116504548634,5704.406719114485,5150.396731888284,5424.754753265173,5399.686104200468
False,High,Master Protein,-2847148615950550528,1486,NP_005564.1,LMNB1#4001#lamin-B1 isoform 1 [Homo sapiens],0,324.508,0,58,40,601,20,35,1,586,66.4,5.16,2674,830.01,58,53,322,279,40,32,3,11148.2,11824.9,10818.4,12058.2,12484.7,11302.5,12818.0,13540.8,12207.6,12753.6,13816.4,12333.2,12818.0,12699.40745413796,10547.659941142692,11516.240241427571,10694.089513104329,11832.586570219735,10113.071775899769,10743.385884261763
False,High,Master Protein,-4137090159380989952,1172,NP_004492.2,HNRNPU#3192#heterogeneous nuclear ribonucleoprotein U isoform b [Homo sapiens],0,322.883,0,50,39,1083,1,1,1,806,88.9,5.78,3574,1465.98,50,47,529,554,39,33,0,54.2,312.2,0.0,75.5,312.0,0.0,81.0,307.8,0.0,75.2,275.0,0.0,81.0,288.6740528169432,51.280311513063445,287.7976207137858,282.34443809175315,74.0873667754383,0.0,0.0
False,High,Master Protein,-515522588376760000,2018,NP_006363.4,SYNCRIP#10492#heterogeneous nuclear ribonucleoprotein Q isoform 1 [Homo sapiens],0,321.366,0,49,32,757,0,1,1,623,69.6,8.59,4204,1245.87,49,47,352,405,32,28,34,15377.9,11467.4,11192.4,15865.2,11941.3,11664.7,15570.3,11532.6,11415.5,15492.8,11617.6,11426.2,15570.3,10815.992142679268,14549.51111469997,11014.992718684392,10370.77709600695,15568.356177028922,10462.68806335323,11087.66850910402
False,High,Master Protein,2749950876556130816,2815,NP_005337.2,HSPA1B#3304#heat shock 70 kDa protein 1B [Homo sapiens],0,318.307,0,71,36,842,17,29,1,641,70.0,5.66,3813,1095.92,71,68,396,446,36,34,0,4162.1,5041.8,5582.3,4905.3,6038.5,6844.9,4059.5,5109.3,5661.7,3820.6,4657.5,5095.5,4059.5,4791.820461525691,3937.892703847258,5570.08311756473,4559.654669990394,4813.520003225926,5218.350271260563,6506.295247881738
False,High,Master Protein,-7233412111740596224,436,NP_000179.2,HK1#3098#hexokinase-1 isoform HKI [Homo sapiens],0,316.989,0,53,43,467,0,40,1,917,102.4,6.8,2675,679.87,53,51,227,240,43,41,3,8365.1,8300.3,8564.9,7754.3,7785.7,8004.2,8402.7,8495.7,8783.8,9164.2,9376.8,9699.6,8402.7,7967.797759963952,7914.482174131495,7181.74979356193,7506.545610163287,7609.214148169287,8006.493423556526,7608.246785649901
False,High,Master Protein,-7048585715635486720,483,NP_001060.1,TUBB2A#7280#tubulin beta-2A chain isoform 1 [Homo sapiens],0,310.568,0,62,23,1214,1,3,1,445,49.9,4.89,6059,1929.73,62,55,587,627,23,21,0,175.3,47.2,135.1,140.9,34.2,112.3,124.7,50.2,85.9,150.7,40.6,111.1,124.7,47.08069347436825,165.8568008900373,31.54704688593422,42.68628276082879,138.26370832661266,126.29187282075526,106.74472327384171
False,High,Master Protein,-1119286615561917824,1881,NP_000282.1,PGK1#5230#phosphoglycerate kinase 1 [Homo sapiens],0,310.179,0,76,28,910,23,28,1,417,44.6,8.1,4162,1266.98,76,72,422,488,28,26,0,19506.7,26247.5,18959.5,18820.6,25831.2,18404.6,18429.4,25215.8,17804.7,19678.5,27024.1,19290.6,18429.4,23648.951205397905,18455.89764929658,23827.429167249822,23737.46200772995,18468.45953819621,17723.395727202882,17494.157915990625
False,High,Master Protein,3002712347046388224,2869,NP_006422.1,CCT2#10576#T-complex protein 1 subunit beta isoform 1 [Homo sapiens],0,310.06,0,72,31,602,2,31,1,535,57.5,6.46,5361,979.8,72,70,292,310,30,28,0,9849.3,8518.4,8790.3,9746.0,8495.0,8681.5,9158.9,8054.6,8194.5,8847.0,7753.1,7889.8,9158.9,7554.106646586584,9318.730114125752,7836.028166550034,7703.7887938526255,9563.648696601611,8217.197998936232,8252.041986659455
False,High,Master Protein,2468498205363218432,2751,XP_016865667.1,SYNCRIP#10492#heterogeneous nuclear ribonucleoprotein Q isoform X4 [Homo sapiens],0,309.639,0,52,31,753,0,1,1,562,62.6,7.56,4200,1239.02,52,51,349,404,31,28,0,86.1,9.4,7.5,94.5,7.1,5.7,88.9,2.1,9.1,85.5,7.2,10.3,88.9,1.9695110815970782,81.46189707149009,6.549240727781664,8.50108173626675,92.73186967256845,7.011021807221795,5.418031368307193
False,High,Master Protein,8428260618384848896,4184,NP_004238.3,EFTUD2#9343#116 kDa U5 small nuclear ribonucleoprotein component isoform a [Homo sapiens],0,309.233,0,59,43,385,0,42,1,972,109.4,5.0,2416,645.05,59,59,184,201,43,42,0,4395.6,3658.8,5400.9,4425.6,3719.2,5365.5,4638.5,3827.4,5609.2,4564.0,3788.1,5567.1,4638.5,3589.5746255736462,4158.814341085271,3430.69522743177,3308.9104102822116,4342.7953695546985,5048.7770238165585,5100.078474851271
False,High,Master Protein,428654281643850240,2249,XP_011526286.2,ILF3#3609#interleukin enhancer-binding factor 3 isoform X1 [Homo sapiens],0,308.806,0,53,36,937,0,36,1,898,95.7,8.81,4874,1423.74,52,48,450,487,35,33,0,16684.7,15585.6,16210.7,16974.0,15955.4,16412.3,17337.1,16430.7,17141.4,18095.0,16947.0,17754.2,17337.1,15409.736061141482,15785.915378265861,14717.712043386982,14095.155266889262,16656.410114520393,15153.809494710713,15600.41337299441
False,High,Master Protein,8369123714013872128,4167,NP_006816.2,CKAP4#10970#cytoskeleton-associated protein 4 [Homo sapiens],0,306.921,0,67,36,670,34,35,1,602,66.0,5.92,3364,975.11,65,67,310,360,35,36,1,11283.3,12146.0,9158.3,11399.1,12234.8,9540.6,12206.2,13087.2,10000.5,11834.8,12848.3,9698.4,12206.2,12273.993060512992,10675.48226744186,11285.725416375086,10984.482847733612,11185.818577614551,8561.205468943914,9068.64387236344
False,High,Master Protein,2726683976815450624,2810,NP_005557.1,LDHA#3939#L-lactate dehydrogenase A chain isoform 1 [Homo sapiens],0,304.502,0,63,27,1333,0,25,1,332,36.7,8.27,10411,2179.66,63,62,652,681,27,23,2,29121.1,27689.7,24542.9,23964.1,23073.3,20787.6,25496.7,24087.2,21328.9,29716.7,28514.3,24539.3,25496.7,22590.479678402447,27552.3815424921,21283.46423722883,25041.744994968663,23515.72273037458,22942.77428166184,19759.27524067063
False,High,Master Protein,-4535556334998408192,1089,NP_003312.3,"TUFM#7284#elongation factor Tu, mitochondrial isoform 1 precursor [Homo sapiens]",0,303.297,0,65,27,891,4,27,1,455,49.8,7.61,6162,1373.12,65,63,440,451,27,24,0,11191.8,9032.8,11415.5,11355.3,9342.0,11904.2,12326.3,9930.3,12615.2,12788.8,10377.2,13326.6,12326.3,9313.255187420697,10588.911261843237,8617.324912526241,8168.996926313861,11142.838091988535,10671.242592045386,11315.320879754823
False,High,Master Protein,3945672141617060864,3104,NP_001352542.1,RRBP1#6238#ribosome-binding protein 1 isoform 1 [Homo sapiens],0,302.97,0,53,45,400,11,45,1,1410,152.4,8.6,1657,523.49,50,48,198,202,43,39,0,10181.8,12056.6,4352.6,9724.0,11500.8,4333.6,9137.9,10675.1,4011.1,9678.8,11503.8,4155.2,9137.9,10011.775117693795,9633.318741027848,10608.663065080475,10903.63213419933,9542.060324825987,4068.8231357484783,4119.224690823869
False,High,Master Protein,8288854614025876480,4142,NP_006752.1,YWHAE#7531#14-3-3 protein epsilon [Homo sapiens],0,298.463,0,78,25,1527,2,22,1,255,29.2,4.74,7950,2142.82,78,76,744,783,25,22,3,27128.5,23755.1,23937.1,26148.1,23214.3,23188.2,24454.7,21685.4,21551.2,24596.8,21593.1,21734.3,24454.7,20337.921718507278,25667.120495980475,21413.526623512942,21483.409229062796,25658.859273918384,22376.47068021984,22041.121925365063
False,High,Master Protein,518987632021079936,2278,NP_001276052.1,TUBB4A#10382#tubulin beta-4A chain isoform 1 [Homo sapiens],0,298.434,0,68,25,1039,0,2,1,495,54.4,5.02,4583,1594.54,68,68,505,534,24,22,2,48.1,543.0,184.6,57.5,497.5,163.8,56.8,489.2,176.6,59.0,531.5,217.2,56.8,458.80229577013836,45.50891113982199,458.9080650804758,491.07312582902614,56.42415350447287,172.5646167484191,155.69711195240671
False,High,Master Protein,1074215629290594560,2426,XP_005249786.1,HNRNPA2B1#3181#heterogeneous nuclear ribonucleoproteins A2/B1 isoform X1 [Homo sapiens],0,295.277,0,63,27,1555,1,23,1,353,37.4,8.95,6484,2207.82,63,63,695,860,27,23,5,23743.2,26753.8,21826.8,24707.5,27599.8,22600.5,25416.3,28651.8,23088.6,26879.9,30628.8,24353.1,25416.3,26871.44647985865,22464.18251507321,25458.835808257518,24195.344739971635,24245.213438465453,20403.756104249154,21482.49437533802
False,High,Master Protein,6400995593712089088,3708,NP_064505.1,UGGT1#56886#UDP-glucose:glycoprotein glucosyltransferase 1 precursor [Homo sapiens],0,293.968,0,42,45,374,0,43,1,1555,177.1,5.63,2096,556.45,42,40,182,192,45,43,2,5101.8,5510.6,4854.1,5079.1,5483.5,4656.0,5744.9,6184.6,5350.7,5395.7,6036.2,5124.2,5744.9,5800.303921545376,4826.972200689061,5058.135426871938,4983.623512326762,4984.068140253359,4537.626793924709,4425.676149269875
False,High,Master Protein,-4912222715256497152,990,XP_005245768.1,HNRNPR#10236#heterogeneous nuclear ribonucleoprotein R isoform X2 [Homo sapiens],0,290.338,0,48,30,844,0,3,1,633,70.9,8.13,4528,1347.76,48,46,370,474,29,27,23,12906.7,11554.1,9075.1,13466.0,12007.7,9375.9,13433.1,12150.8,9394.1,14105.0,12673.8,9848.2,13433.1,11395.778690604655,12211.43167169107,11076.241955913225,10449.186009468049,13214.046105934463,8483.429867029135,8912.091281773932
False,High,Master Protein,-6496925005546959872,616,NP_006077.2,TUBB3#10381#tubulin beta-3 chain isoform 1 [Homo sapiens],0,287.567,0,62,24,924,2,9,1,450,50.4,4.93,5568,1428.13,62,62,459,465,24,22,2,1841.5,3207.4,2245.9,1413.3,2577.3,1841.4,1431.4,2659.8,1731.5,1556.9,2873.5,1909.5,1431.4,2494.526464205671,1742.3006208728107,2377.3743841847445,2900.677612861912,1386.856628658635,2099.4738502452574,1750.3092915089237
False,High,Master Protein,-1576452256134887168,1782,NP_002131.2,HNRNPK#3190#heterogeneous nuclear ribonucleoprotein K isoform a [Homo sapiens],0,286.996,0,65,28,966,0,2,1,464,51.0,5.33,4760,1452.0,65,65,454,512,28,27,30,15473.4,14622.4,11865.6,16157.6,14812.5,12283.3,15842.1,14782.5,12263.5,16177.9,15013.2,12386.8,15842.1,13863.951220813718,14639.866645133503,13663.468771868438,13224.065700041163,15855.285263719494,11091.997380769457,11675.6674923382
False,High,Master Protein,8372900262212064256,4168,NP_112420.1,HNRNPA1#3178#heterogeneous nuclear ribonucleoprotein A1 isoform b [Homo sapiens],0,283.57,0,50,22,877,0,17,1,372,38.7,9.13,5254,1460.88,50,49,420,457,22,17,1,21466.3,13552.9,13119.3,22341.1,14111.0,13680.1,22421.7,13927.3,13781.6,23650.3,14344.6,14247.0,22421.7,13061.891279393802,20309.93636592018,13016.385339398179,12256.841559941451,21923.089667109198,12263.959786064652,13003.370337119164
False,High,Master Protein,8961190954250988544,4308,XP_016858683.1,IMMT#10989#MICOS complex subunit MIC60 isoform X1 [Homo sapiens],0,282.857,0,57,37,363,0,37,1,758,83.6,6.48,1584,543.15,55,56,173,190,36,33,0,6969.8,6553.6,5357.9,6995.5,6470.1,5416.1,7412.0,6947.0,5750.4,7761.5,7385.7,6140.4,7412.0,6515.330230407096,6594.345298593166,5968.203159552134,5926.881836893381,6864.611579835478,5008.580498788487,5148.175384892736
False,High,Master Protein,-806880739347862400,1963,NP_006000.2,TUBA1A#7846#tubulin alpha-1A chain isoform 1 [Homo sapiens],0,282.481,0,75,26,1313,0,2,1,451,50.1,5.06,11045,2246.44,75,75,595,718,26,26,3,1050.5,933.1,1350.0,800.3,704.2,1158.1,849.8,678.9,1229.0,900.9,818.3,1278.7,849.8,636.7147968077411,993.9108347688773,649.5739888033589,843.8680178840963,785.3260878196459,1261.9839252999232,1100.8108995853613
False,High,Master Protein,-9165754455413115904,17,NP_001269633.1,PDIA6#10130#protein disulfide-isomerase A6 isoform a [Homo sapiens],0,281.648,0,49,18,734,0,18,1,492,53.9,5.33,5143,1480.45,49,47,322,412,18,16,0,8922.0,9365.5,12687.3,8432.4,8654.4,11787.2,8960.4,9415.7,12915.3,8864.8,9431.6,12855.2,8960.4,8830.631186187433,8441.382644272178,7983.06323303009,8469.880957553856,8274.6266436716,11860.124929968677,11204.108656931676
False,High,Master Protein,4156195419215823872,3155,NP_001257376.1,"ACADVL#37#very long-chain specific acyl-CoA dehydrogenase, mitochondrial isoform 3 [Homo sapiens]",0,279.889,0,60,36,463,0,36,1,678,72.9,8.75,2920,739.3,60,60,221,242,36,36,0,4142.0,5579.1,7820.9,3974.4,5249.2,7454.9,4525.2,6495.2,9101.4,5148.3,7202.7,9893.6,4525.2,6091.603989137781,3918.8754665518227,4842.010482855143,5045.5728845538115,3900.037490229165,7311.000060280125,7086.119657472507
False,High,Master Protein,-3622804810067189248,1282,NP_001339990.1,GSN#2934#gelsolin isoform b [Homo sapiens],0,279.77,0,57,35,496,2,35,1,731,80.6,5.85,2580,767.9,57,52,243,253,35,30,0,10494.0,11876.0,12149.1,10363.0,11740.5,12101.2,10031.0,11330.4,11721.1,9666.9,10875.8,11160.7,10031.0,10626.356361394064,9928.700904392765,10829.76912176347,10740.302840415312,10169.104395945258,11357.014005082441,11502.57564809807
False,High,Master Protein,-6568070672358433792,602,XP_024308601.1,HDLBP#3069#vigilin isoform X1 [Homo sapiens],0,279.73,0,36,33,434,0,33,1,1268,141.4,6.87,1944,677.61,36,34,209,225,33,32,0,4414.6,4550.7,6152.7,4033.1,4151.2,5540.2,3881.2,3892.9,5275.0,3976.6,4044.4,5334.3,3881.2,3651.004614071079,4176.790834051105,3829.184240727781,4115.51836779033,3957.6391912850354,5751.561849772472,5266.136383630791
False,High,Master Protein,-8533826193911874560,171,NP_060918.2,CAND1#55832#cullin-associated NEDD8-dissociated protein 1 isoform 1 [Homo sapiens],0,279.07,0,44,35,307,2,35,1,1230,136.3,5.78,1707,499.84,42,43,150,157,34,34,0,3635.4,3440.8,4652.3,3477.2,3310.8,4362.3,3370.6,3196.7,4036.2,3149.3,3109.9,4019.6,3370.6,2998.064797400657,3439.5653962101633,3053.975521343597,3111.7576636326207,3412.140288100053,4348.983567165061,4146.504954029205
False,High,Master Protein,-1166114306662382592,1872,NP_001091868.1,COPA#1314#coatomer subunit alpha isoform 1 [Homo sapiens],0,275.817,0,47,39,296,0,39,1,1233,139.2,7.59,912,401.74,46,38,147,149,38,33,0,4612.1,3784.5,4209.7,4480.1,3652.8,4066.8,4168.3,3420.2,3717.3,4043.6,3383.2,3673.2,4168.3,3207.6770482277743,4363.651747774907,3369.445990202939,3422.589769244842,4396.275654180677,3935.239800248212,3865.6228015143324
False,High,Master Protein,-9169618704545617920,16,NP_908932.1,ALDOA#226#fructose-bisphosphate aldolase A isoform 1 [Homo sapiens],0,275.625,0,84,31,788,1,26,1,364,39.4,8.09,3165,1069.29,84,80,352,436,31,27,5,17242.5,16510.3,16416.0,15506.8,14913.9,14797.4,15457.8,14560.7,14740.2,15937.3,15055.6,15354.5,15457.8,13655.933336100275,16313.6673664944,13757.002998600417,14931.426573434566,15216.661975011477,15345.724531647063,14065.399538489273
False,High,Master Protein,-3779865839115366400,1248,NP_005262.1,"GLUD1#2746#glutamate dehydrogenase 1, mitochondrial isoform a precursor [Homo sapiens]",0,274.65,0,55,28,738,1,28,1,558,61.4,7.8,3695,1136.35,55,54,339,399,27,27,0,16215.8,13916.0,10100.4,16880.4,14388.6,10403.7,18077.2,15774.1,10983.2,18603.7,16068.5,11514.0,18077.2,14793.935596295463,15342.27445449325,13272.451427571727,12585.21845126469,16564.561405511373,9441.883288221736,9889.047885343429
False,High,Master Protein,-1612190288293860864,1772,NP_001407.1,EIF4A1#1973#eukaryotic initiation factor 4A-I isoform 1 [Homo sapiens],0,272.916,0,75,25,631,2,14,1,406,46.1,5.48,3470,917.27,75,71,310,321,25,23,13,10059.6,13108.1,10820.3,9799.1,12680.6,10616.0,8420.6,10990.9,9192.7,8434.4,11016.8,9045.3,8420.6,10307.952069869203,9517.701507321273,11696.943939818053,11854.577607144489,9615.75517575096,10114.847901424264,10090.845790517396
False,High,Master Protein,-7561791203154465792,376,NP_001290043.1,TUBA1C#84790#tubulin alpha-1C chain isoform a [Homo sapiens],0,271.844,0,64,26,1251,0,3,1,519,57.7,5.07,10671,2135.43,64,64,572,679,26,26,26,24867.1,28731.6,26574.4,17933.4,19945.6,18996.7,16904.1,18699.6,17873.9,19323.6,22242.6,20710.6,16904.1,17537.65210544415,23527.53938056273,18398.385332400278,25984.00851209806,17597.85938186285,24841.826388511316,18056.967806021272
False,High,Master Protein,6942352143814959104,3826,NP_005989.3,CCT3#7203#T-complex protein 1 subunit gamma isoform a [Homo sapiens],0,267.93,0,70,34,371,2,34,1,545,60.5,6.49,2191,591.58,70,61,188,183,34,28,0,7371.3,7115.1,9402.9,7387.9,6986.2,9177.7,6955.4,6564.8,8491.9,6510.0,6049.0,7757.3,6955.4,6156.879213556428,6974.216978897502,6444.268390482855,6434.685815075698,7249.669629142523,8789.858260150108,8723.695875247882
False,High,Master Protein,-1926666985468568320,1695,NP_001095868.1,HNRNPR#10236#heterogeneous nuclear ribonucleoprotein R isoform 1 [Homo sapiens],0,265.54,0,48,28,833,0,1,1,636,71.2,8.13,4395,1325.2,48,46,364,469,27,26,0,124.8,27.9,111.3,133.3,34.6,103.1,131.9,29.6,109.4,141.8,23.7,111.7,131.9,27.760727626320723,118.07717484926786,31.916018194541635,25.231934089557694,130.8059071677606,104.04356361917144,97.9998305390301
False,High,Master Protein,7379954125319751680,3939,NP_036205.1,CCT5#22948#T-complex protein 1 subunit epsilon isoform a [Homo sapiens],0,265.079,0,76,33,482,0,32,1,541,59.6,5.66,2440,780.75,73,71,237,245,32,28,1,6895.6,8745.2,9390.7,7051.1,8789.2,9421.4,6501.8,8184.2,8547.8,5955.1,7656.0,8340.6,6501.8,7675.653616193717,6524.142362905541,8107.406564030791,7908.899999999999,6919.171283050238,8778.453664677028,8955.340479538489
False,High,Master Protein,-9142633453092604928,22,NP_001129172.1,YWHAZ#7534#14-3-3 protein zeta/delta [Homo sapiens],0,265.001,0,73,20,1304,16,16,1,245,27.7,4.79,7268,2102.56,73,73,588,716,20,20,0,21582.9,22490.9,21121.5,21356.9,22412.9,20625.4,19805.4,20753.1,19158.8,19737.6,20609.3,19166.9,19805.4,19463.552584520152,20420.255264857882,20674.292606717983,20340.104172574665,20957.304417037856,19744.43961349802,19605.09897962863
False,High,Master Protein,-3959572878681588736,1215,NP_110379.2,TCP1#6950#T-complex protein 1 subunit alpha isoform a [Homo sapiens],0,264.838,0,71,29,556,10,29,1,556,60.3,6.11,3488,899.99,71,71,263,293,29,29,0,8081.6,7059.2,7210.7,7924.9,6930.8,7293.4,7549.2,6601.0,6730.6,7096.4,6182.4,6350.1,7549.2,6190.8298331534825,7646.2539764570765,6393.165864240727,6384.131509856835,7776.622158392992,6740.583326044559,6932.608768703803
False,High,Master Protein,-2262993958771163136,1626,NP_005909.2,"MDH2#4191#malate dehydrogenase, mitochondrial isoform 1 precursor [Homo sapiens]",0,262.31,0,78,20,762,0,20,1,338,35.5,8.68,6628,1372.6,78,78,357,405,20,20,0,14605.1,12634.2,14261.2,15296.3,13158.0,14800.0,16765.1,14635.9,16613.9,17525.6,14917.1,16844.8,16765.1,13726.460590069846,13818.340916594889,12137.311196641007,11425.996475780998,15010.100508703797,13331.411226286862,14067.870921218677
False,High,Master Protein,-469021931412063744,2032,NP_057535.1,COPB1#1315#coatomer subunit beta [Homo sapiens],0,261.148,0,46,33,315,33,33,1,953,107.1,6.05,1393,497.19,46,42,158,157,33,30,0,4121.7,4053.6,4391.5,3993.7,3925.5,4232.3,3761.5,3723.4,4027.1,3689.2,3613.8,4066.9,3761.5,3492.0369339136005,3899.669003014642,3620.992179846046,3665.9558432054146,3918.976380014144,4105.186968855268,4022.935817559041
False,High,Master Protein,3406961842154121216,2971,XP_011526432.1,PRKCSH#5589#glucosidase 2 subunit beta isoform X1 [Homo sapiens],0,255.909,0,51,25,666,1,25,1,535,60.2,4.41,2794,878.45,51,50,303,363,24,21,0,19613.1,20010.4,14995.9,21168.3,20974.6,15856.9,23855.2,24063.3,17979.1,22586.4,22748.0,17051.4,23855.2,22568.064766569034,18556.56600990525,19347.56402379286,18096.813401637468,20772.233193543183,14018.210922522308,15072.48800072111
False,High,Master Protein,-7575182119282234368,371,NP_002620.1,PGAM1#5223#phosphoglycerate mutase 1 isoform 1 [Homo sapiens],0,255.741,0,81,20,512,5,14,1,254,28.8,7.18,2100,887.95,81,81,235,277,20,18,8,7371.4,7171.1,7705.0,6848.9,6570.3,7144.8,6772.6,6495.7,6912.2,6870.9,6627.7,7115.1,6772.6,6092.072920347686,6974.311592018374,6060.630472358292,6485.330557334309,6720.754520639725,7202.656403285857,6791.359740400217
False,High,Master Protein,-3283541064302857216,1363,NP_036565.2,SF3B1#23451#splicing factor 3B subunit 1 isoform 1 [Homo sapiens],0,255.664,0,36,33,368,29,33,1,1304,145.7,7.09,1499,543.51,34,35,175,193,31,31,0,6191.4,4535.5,4681.6,5983.9,4510.1,4627.8,6320.0,4800.7,4880.9,6454.6,4812.4,5008.4,6320.0,4502.396118772901,5857.876765719207,4160.243747375787,4101.771937748707,5871.938994007221,4376.373292358608,4398.87115197404
False,High,Master Protein,-2651873567954206720,1525,NP_064502.9,"LARS1#51520#leucine--tRNA ligase, cytoplasmic isoform 1 [Homo sapiens]",0,253.97,0,34,33,388,0,33,1,1176,134.4,7.3,2891,631.67,32,34,185,203,32,32,0,7086.9,6035.7,5581.3,7008.9,6066.5,5516.7,6828.8,5937.1,5334.0,6711.9,5653.0,5253.3,6828.8,5568.182972642863,6705.137263135227,5595.911109167249,5458.5084080409815,6877.760860826085,5217.415468352934,5243.798885884262
False,High,Master Protein,6713486079386730496,3784,XP_011543629.1,SERPINH1#871#serpin H1 isoform X1 [Homo sapiens],0,251.047,0,56,21,381,21,21,1,418,46.4,8.69,2136,693.04,56,52,184,197,21,18,0,7308.5,6203.7,6384.0,7204.7,6246.4,6137.3,7736.2,6782.5,6652.1,7640.1,6524.2,6546.5,7736.2,6361.051862348659,6914.799938989377,5761.855955213435,5610.442634816813,7069.897369629142,5967.7817623071915,5833.698932756445
False,High,Master Protein,8956218171446358016,4305,NP_001171725.1,ESYT1#23344#extended synaptotagmin-1 isoform 1 [Homo sapiens],0,250.916,0,44,31,296,0,31,1,1114,123.9,5.78,1935,524.57,41,37,148,148,29,26,0,3155.5,4189.1,4631.5,2986.3,3905.6,4432.2,3152.2,4075.6,4720.0,3283.9,4249.3,4860.4,3152.2,3822.3520781700245,2985.5170291415443,3602.6358572428267,3788.498032063303,2930.42521061578,4329.539666686365,4212.947128177393
False,High,Master Protein,-7224600777690592256,438,NP_006421.2,CCT4#10575#T-complex protein 1 subunit delta isoform a [Homo sapiens],0,250.018,0,63,28,393,2,27,1,539,57.9,7.83,2610,661.72,63,59,188,205,28,27,0,5979.3,6794.0,6562.0,5743.1,6581.3,6212.5,5332.4,5990.5,5730.3,5042.1,5659.1,5416.1,5332.4,5618.264825860618,5657.202336347976,6070.777183344996,6144.2924804464155,5635.6444520267505,6134.176679865255,5905.17892554534
False,High,Master Protein,7061207721996528640,3857,NP_001145.1,ANXA5#308#annexin A5 [Homo sapiens],0,249.759,0,76,27,924,14,26,1,320,35.9,5.05,6745,1459.2,76,76,461,463,26,24,1,23955.6,20795.9,21835.5,23630.3,20679.2,21240.1,22169.4,19448.6,19935.2,21546.8,18688.6,19092.0,22169.4,18240.111057880444,22665.14078380706,19075.078712386283,18807.196348854228,23188.168253160788,20411.888889545535,20189.390888768703
False,High,Master Protein,1473642583666427136,2515,NP_733765.1,ATP2A2#488#sarcoplasmic/endoplasmic reticulum calcium ATPase 2 isoform b [Homo sapiens],0,249.401,0,30,26,363,0,26,1,1042,114.7,5.34,2491,605.78,30,28,175,188,26,23,0,4755.8,4721.6,5216.9,4683.3,4558.3,5247.7,4789.3,4614.3,5452.1,4821.8,4683.3,5298.2,4789.3,4327.578563720665,4499.610802469136,4204.7047900629805,4270.07526871884,4595.673706217353,4876.7732888127175,4988.1058265729225
False,High,Master Protein,6189837904598166528,3667,XP_005252022.1,HNRNPK#3190#heterogeneous nuclear ribonucleoprotein K isoform X3 [Homo sapiens],0,248.893,0,63,27,931,0,1,1,440,48.5,5.54,4608,1351.34,63,63,435,496,27,27,0,153.7,218.6,244.1,172.6,247.3,267.7,146.5,239.9,271.4,147.6,233.0,252.8,146.5,224.99319451197098,145.42036678151015,228.11651154653603,197.6953688880757,169.3705894760351,228.18538975237868,254.45736794663782
False,High,Master Protein,5778599060552415232,3564,NP_005959.2,HNRNPM#4670#heterogeneous nuclear ribonucleoprotein M isoform a [Homo sapiens],0,247.012,0,56,33,422,0,33,1,730,77.5,8.7,3048,547.19,56,54,221,201,33,30,0,9382.0,9918.0,11364.2,9891.6,10573.9,12059.8,9558.0,10189.6,11675.5,9869.5,10531.5,12186.8,9558.0,9556.442912876946,8876.603000287108,9753.664300209935,8969.545602158896,9706.524466171199,10623.28720288399,11463.223630791417
False,High,Master Protein,3851021478040607744,3078,NP_004035.2,ATIC#471#bifunctional purine biosynthesis protein PURH [Homo sapiens],0,246.432,0,61,28,334,0,28,1,592,64.6,6.71,1530,531.35,61,57,157,177,28,25,0,4300.3,4527.0,4674.6,4327.3,4656.6,4853.8,4077.5,4383.3,4419.6,3792.9,3955.8,4086.7,4077.5,4110.932344744987,4068.648036893482,4295.379489153254,4094.084789370168,4246.334599302703,4369.8296720052,4613.691343068325
False,High,Master Protein,-3013475598512256000,1433,NP_001302466.1,LDHB#3945#L-lactate dehydrogenase B chain isoform LDHBx [Homo sapiens],0,245.312,0,56,21,1008,0,19,1,341,37.4,6.25,6676,1726.47,56,56,478,530,21,18,0,17800.4,17700.0,18200.7,16566.6,16682.4,16745.0,15354.7,15448.6,15175.1,15151.4,15322.2,15257.8,15354.7,14488.661378647916,16841.513967843814,15388.317396780965,16007.356035310797,16256.632720820873,17014.067280893563,15916.65530917613
False,High,Master Protein,5188932186925581312,3432,NP_001184222.1,DPYSL2#1808#dihydropyrimidinase-related protein 2 isoform 1 [Homo sapiens],0,244.341,0,56,26,508,0,26,1,677,73.5,6.35,2592,818.01,56,55,245,263,26,24,0,9617.2,9294.9,7918.0,8495.8,8365.2,7009.5,7724.1,7640.8,6697.0,8163.3,7936.5,6967.0,7724.1,7166.019177269978,9099.13306057996,7716.296976906928,8406.032407492108,8336.840405970444,7401.769422610956,6662.752785289345
False,High,Master Protein,-6979633451004200960,505,XP_016883528.1,YWHAB#7529#14-3-3 protein beta/alpha isoform X1 [Homo sapiens],0,242.124,0,69,18,825,10,11,1,246,28.1,4.83,4167,1323.56,69,69,394,431,18,17,0,5645.6,5608.1,4737.8,5253.7,5336.3,4413.7,4801.6,5066.7,4163.5,5096.0,5272.8,4517.4,4801.6,4751.867522441865,5341.478351995406,4922.3539853044085,5071.799626080592,5155.401308981724,4428.9092157673895,4195.3622895258695
False,High,Master Protein,-1538896593466497280,1789,NP_005498.1,CFL1#1072#cofilin-1 [Homo sapiens],0,240.908,0,80,19,929,14,14,1,166,18.5,8.09,4573,1376.12,80,69,458,471,18,13,6,20049.9,24535.2,22095.3,20487.4,25034.8,22507.3,18823.0,22886.1,20513.3,17981.1,22218.0,19860.2,18823.0,21464.013125970898,18969.83612187769,23092.807291812453,22188.908576133188,20104.07308708761,20654.750684947696,21393.904809807103
False,High,Master Protein,-8012908085941337088,277,NP_006420.1,CCT7#10574#T-complex protein 1 subunit eta isoform a [Homo sapiens],0,237.581,0,69,31,343,2,31,1,543,59.3,7.65,1774,518.94,69,67,171,172,31,27,0,5071.6,5988.8,6082.0,5114.7,6138.2,6064.5,4776.7,5705.5,5612.0,4512.1,5397.3,5345.0,4776.7,5350.9740362153,4798.399038185472,5662.049216235128,5416.093436399396,5019.002050944824,5685.47128420306,5764.500216333153
False,High,Master Protein,623640857413414400,2307,NP_036611.2,YWHAG#7532#14-3-3 protein gamma [Homo sapiens],0,237.533,0,67,19,850,13,13,1,247,28.3,4.89,4331,1262.49,67,63,392,458,19,17,5,10735.5,10298.8,6876.8,10407.2,10145.8,6584.7,9517.0,9350.9,5977.3,9418.4,9327.4,6156.9,9517.0,8769.857701383866,10157.191591300601,9358.772757172846,9313.929849517448,10212.47739742174,6428.452635187045,6258.96686857761
False,High,Master Protein,8924843221648919552,4297,NP_001264153.1,TAGLN2#8407#transgelin-2 isoform a [Homo sapiens],0,237.212,0,76,15,511,0,14,1,220,24.4,8.25,2981,863.88,76,76,213,298,15,14,1,8519.1,9383.3,9980.5,8030.0,8769.0,9286.0,7908.9,8540.9,9020.7,7718.5,8372.3,8904.9,7908.9,8010.189141339278,8060.186380275624,8088.773512946115,8485.978750628914,7879.7556981029065,9329.80041959695,8826.638471245718
False,High,Master Protein,-4234591865668602880,1155,NP_001091974.1,DDX17#10521#probable ATP-dependent RNA helicase DDX17 isoform 3 [Homo sapiens],0,236.832,0,44,32,532,0,24,1,731,80.4,8.37,3070,774.14,44,44,260,272,32,32,7,6837.8,7477.0,8431.4,7123.9,8030.6,8993.7,7119.4,7942.4,8638.3,6994.6,7993.4,8738.8,7119.4,7448.8784830841105,6469.455979041056,7407.652477256823,6761.977461921967,6990.60916783503,7881.697235387978,8548.79802055165
False,High,Master Protein,-1037081558044957952,1902,XP_016865310.1,VDAC1#7416#voltage-dependent anion-selective channel protein 1 isoform X1 [Homo sapiens],0,236.551,0,87,21,1304,20,20,1,283,30.8,8.54,6564,1866.83,87,82,585,719,21,19,2,18712.8,17152.6,18286.1,19100.0,17853.4,19155.0,20731.8,19382.1,20862.0,20966.1,19804.7,21488.0,20731.8,18177.7432069632,17704.764082687336,16468.48090272918,15512.303679732879,18742.63185974664,17093.899449205128,18207.43699296917
False,High,Master Protein,6102726942936218624,3647,NP_003741.1,EIF3A#8661#eukaryotic translation initiation factor 3 subunit A [Homo sapiens],0,235.486,0,25,30,388,30,30,1,1382,166.5,6.79,2117,611.25,24,24,187,201,29,28,0,4593.5,5199.5,7224.9,4450.3,4949.2,7091.7,4130.6,4559.5,6550.1,4118.9,4548.4,6379.8,4130.6,4276.18370311518,4346.053707292564,4565.28200139958,4702.27388167223,4367.033223320967,6753.857527332899,6740.886500811249
False,High,Master Protein,5790253934220922880,3568,XP_006713191.1,IMPDH2#3615#inosine-5'-monophosphate dehydrogenase 2 isoform X1 [Homo sapiens],0,235.375,0,52,26,309,0,23,1,608,66.1,8.5,1810,530.88,52,49,150,159,26,23,3,4222.2,5323.0,5616.8,4427.1,5775.8,6026.6,4137.4,5428.0,5687.9,3790.9,4901.6,5087.0,4137.4,5090.717214718543,3994.755189491817,5327.761210636809,4813.963625760416,4344.2673039939455,5250.600971573784,5728.475060393005
False,High,Master Protein,4936048942270731264,3365,NP_006383.2,NOP56#10528#nucleolar protein 56 [Homo sapiens],0,234.771,0,61,27,405,27,27,1,594,66.0,9.19,2557,655.71,61,54,206,199,27,24,0,6548.0,5965.5,5849.0,6897.9,6227.3,6225.6,7355.9,6824.4,6437.4,7109.4,6641.7,6452.3,7355.9,6400.348297738618,6195.26715475165,5744.237575227431,5395.021606138223,6768.837712321798,5467.66220672537,5917.630892374256
False,High,Master Protein,1734790582977372160,2589,NP_002878.2,"RARS1#5917#arginine--tRNA ligase, cytoplasmic [Homo sapiens]",0,232.408,0,48,32,369,32,32,1,660,75.3,6.68,1924,502.87,43,48,182,187,30,30,0,8565.0,8484.3,5988.2,8613.9,8433.8,6025.7,8251.1,7938.5,5693.1,7902.8,7614.5,5423.4,8251.1,7445.220819646859,8103.613802756244,7779.575556333099,7672.949763298721,8452.730710820502,5597.786771467407,5727.619581755904
False,High,Master Protein,-4630001761870027776,1063,NP_005403.2,"SHMT2#6472#serine hydroxymethyltransferase, mitochondrial isoform 1 precursor [Homo sapiens]",0,230.6,0,58,23,682,0,22,1,504,56.0,8.53,4633,1161.6,58,58,327,355,23,23,1,6292.9,6332.9,8155.0,6282.0,6349.8,8320.5,6613.4,6730.7,8722.4,6731.5,7013.6,8944.6,6613.4,6312.470589002597,5953.909083405109,5857.235038488453,5727.287290170607,6164.461431566931,7623.317711719164,7908.9
False,High,Master Protein,-4739744454313000960,1035,NP_055752.1,INPP5F#22876#phosphatidylinositide phosphatase SAC2 isoform 1 [Homo sapiens],0,228.585,0,35,31,277,0,31,1,1132,128.3,7.02,1089,432.1,35,33,131,146,31,29,0,3686.8,3938.8,6089.7,3554.3,3736.9,5982.4,3836.1,4162.4,6472.0,3806.9,4138.9,6416.1,3836.1,3903.75853620937,3488.196540338788,3447.0222078376482,3562.1341215752636,3487.797718277355,5692.669266591808,5686.461553993149
False,High,Master Protein,-6936751801547794432,515,NP_001337407.1,CAP1#10487#adenylyl cyclase-associated protein 1 isoform a [Homo sapiens],0,227.649,0,59,25,393,0,1,1,475,51.6,8.02,1997,566.81,59,59,189,204,25,22,0,43.8,229.8,413.9,34.1,208.8,380.4,42.4,203.9,378.6,41.1,182.8,344.2,42.4,191.23014739887822,41.44054694229112,192.60302309307207,207.8243173397978,33.46197625221782,386.9149234678801,361.58230394808004
False,High,Master Protein,4804495115062908928,3326,NP_038203.2,"IARS1#3376#isoleucine--tRNA ligase, cytoplasmic isoform 1 [Homo sapiens]",0,225.937,0,32,33,336,33,33,1,1262,144.4,6.15,1335,457.49,32,32,162,174,33,31,0,5872.5,4978.3,6232.5,5738.9,4973.7,6335.0,5563.2,4812.8,6121.6,5301.6,4633.9,5855.8,5563.2,4513.74425405258,5556.155523255813,4587.881494051784,4502.22714975072,5631.523035596858,5826.159121801312,6021.6190733729945
False,High,Master Protein,9124965961007810560,4351,NP_003277.1,TOP1#7150#DNA topoisomerase 1 [Homo sapiens],0,225.761,0,45,36,512,32,36,1,765,90.7,9.31,1266,545.38,45,41,247,265,35,31,0,7124.0,8225.4,8121.2,7090.9,8189.9,7895.8,7478.1,8432.9,8109.6,7510.4,8526.6,8411.5,7478.1,7908.9,6740.23873097904,7554.595300909726,7438.808267392396,6958.226610171594,7591.721373441285,7505.209136470165
False,High,Master Protein,5335677543697524736,3472,NP_001307524.1,DDX5#1655#probable ATP-dependent RNA helicase DDX5 isoform a [Homo sapiens],0,225.109,0,51,30,454,0,23,1,614,69.1,8.92,2639,645.39,51,51,224,230,30,29,0,5753.4,4706.0,6342.0,5691.5,4742.9,6278.1,5190.9,4395.1,5661.5,5373.1,4607.5,5906.0,5190.9,4121.999121298723,5443.471296296296,4374.985048985303,4255.9670905182265,5585.009907316649,5928.52004018675,5967.533812871823
False,High,Master Protein,-4595887854081889792,1073,NP_002798.2,PSMD1#5707#26S proteasome non-ATPase regulatory subunit 1 isoform 1 [Homo sapiens],0,223.629,0,34,23,281,0,23,1,953,105.8,5.39,1863,456.62,32,32,134,147,22,22,0,2701.1,2671.6,3765.5,2720.7,2677.2,3826.0,2671.0,2589.9,3666.4,2509.5,2495.0,3570.8,2671.0,2428.969881061082,2555.595007895492,2469.524968509447,2416.115953894707,2669.794685906423,3520.0003486791556,3636.7347394988283
False,High,Master Protein,-1034815253104013440,1903,NP_006576.2,CCT8#10694#T-complex protein 1 subunit theta isoform 1 [Homo sapiens],0,222.382,0,60,31,379,1,31,1,548,59.6,5.6,2275,557.21,60,59,182,197,31,30,0,6198.6,7757.1,6841.6,6304.0,7798.4,6839.2,6061.1,7411.8,6431.8,5501.7,6833.8,6007.9,6061.1,6951.2486831339165,5864.68891042205,7193.464632610216,7015.291610254767,6186.0498033425565,6395.5475728384845,6500.8772165134305
False,High,Master Protein,-2245217909650069248,1629,NP_002215.2,"ITPR3#3710#inositol 1,4,5-trisphosphate receptor type 3 [Homo sapiens]",0,220.021,0,24,42,184,0,37,1,2671,303.9,6.48,659,263.01,23,24,87,97,40,41,5,2744.9,3048.6,2919.6,2666.3,2935.2,2885.4,2834.9,3138.0,3000.3,2967.4,3201.1,3116.9,2834.9,2943.0122733579196,2597.0355548377834,2707.5114625612314,2757.0635937428524,2616.412530243061,2729.2505691153,2742.664510546241
False,High,Master Protein,2613471079569612288,2782,NP_001524.2,HNRNPL#3191#heterogeneous nuclear ribonucleoprotein L isoform a [Homo sapiens],0,219.41,0,75,24,442,0,23,1,589,64.1,8.22,1830,629.95,62,71,207,235,22,22,1,6029.8,7389.6,7356.9,6356.1,7936.9,8014.2,6647.3,8124.8,8394.5,6532.6,8018.1,8381.6,6647.3,7619.944588457115,5704.981962388745,7321.220948215534,6682.935489182636,6237.17499286574,6877.251511140003,7617.752103839914
False,High,Master Protein,-951770295276680192,1927,NP_001609.2,PARP1#142#poly [ADP-ribose] polymerase 1 [Homo sapiens],0,219.241,0,39,31,239,31,31,1,1014,113.0,8.88,1045,363.46,38,37,116,123,30,27,0,3827.0,4577.5,4228.3,3690.5,4586.5,4317.0,3667.7,4366.4,4159.9,3595.7,4243.8,4026.0,3667.7,4095.0824698502292,3620.844135802469,4230.717267319804,4139.755494442665,3621.4493653609934,3952.6271343301223,4103.445862628448
False,High,Master Protein,8957423501143175168,4306,NP_005991.1,TUBA4A#7277#tubulin alpha-4A chain isoform 1 [Homo sapiens],0,219.036,0,51,20,581,0,2,1,448,49.9,5.06,3737,972.71,51,51,245,336,20,20,0,1059.2,1175.4,1217.5,765.9,850.9,826.2,709.7,787.3,774.5,829.2,941.3,988.6,709.7,738.3790831149427,1002.1421762848119,784.8942162351293,1062.996965192334,751.5697246795786,1138.1225400390047,785.3293888588427
False,High,Master Protein,-7740854368523393024,334,NP_004719.2,DDX21#9188#nucleolar RNA helicase 2 isoform 1 [Homo sapiens],0,218.682,0,39,27,261,0,26,1,783,87.3,9.28,1216,400.82,39,37,122,139,27,25,1,3863.8,3523.4,2923.7,3897.7,3524.2,3124.2,4089.7,3736.4,3282.6,4002.5,3656.7,3194.7,4089.7,3504.2291453711064,3655.661764283663,3250.821714485654,3186.458658464071,3824.7725759023288,2733.0832610365815,2969.6515089237423
False,High,Master Protein,-1088137077242897792,1886,NP_000405.1,HSD17B4#3295#peroxisomal multifunctional enzyme type 2 isoform 2 [Homo sapiens],0,218.058,0,54,28,222,3,28,1,736,79.6,8.84,1317,352.23,54,52,111,111,27,25,0,2965.2,3087.7,4257.0,3051.3,3116.3,4362.7,3231.8,3422.8,4613.4,3024.1,3238.5,4495.4,3231.8,3210.115490519276,2805.4682601205855,2874.5632225332397,2792.424476284132,2994.2090363164884,3979.4559777790905,4146.885166756805
False,High,Master Protein,3930283768056647168,3099,NP_006810.1,STIP1#10963#stress-induced-phosphoprotein 1 isoform b [Homo sapiens],0,217.272,0,52,35,324,0,35,1,543,62.6,6.8,1276,414.66,52,49,163,161,35,29,0,7977.4,9604.0,7025.6,7773.2,9677.4,7073.3,7006.6,8694.5,6368.6,6946.7,8576.7,6352.3,7006.6,8154.244809021808,7547.667104507607,8926.707354793562,8685.573297351688,7627.7605221038,6567.5513078423255,6723.396715341626
False,High,Master Protein,-3970443704612931584,1212,NP_000959.2,RPL4#6124#60S ribosomal protein L4 [Homo sapiens],0,214.635,0,52,27,454,27,27,1,427,47.7,11.06,2056,683.42,52,42,241,213,27,19,0,11363.6,11159.7,12506.1,11847.3,11738.8,13237.8,11771.2,11474.6,12828.2,10937.6,10664.2,11958.5,11771.2,10761.596122330397,10751.456603502727,10828.200993701888,10092.502324703837,11625.63258806159,11690.738643106199,12582.950113574905
False,High,Master Protein,3390799830961536512,2967,NP_705935.1,TPM3#7170#tropomyosin alpha-3 chain isoform Tpm3.1cy [Homo sapiens],0,214.122,0,67,30,525,0,10,1,248,29.0,4.78,2461,605.06,67,51,296,229,29,18,22,12323.1,12333.6,11520.6,12130.7,11997.3,11148.5,11571.3,11646.2,10859.1,12411.5,12763.8,12148.3,11571.3,10922.533313569473,11659.269498277346,11066.648701889431,11154.142734299958,11903.73006811668,10769.490377637254,10597.003984135568
False,High,Master Protein,5468726202432710656,3500,NP_001337414.1,CAP1#10487#adenylyl cyclase-associated protein 1 isoform b [Homo sapiens],0,214.014,0,59,25,383,0,1,1,474,51.6,8.02,1968,540.17,59,59,188,195,25,22,26,6868.3,6751.0,5728.1,6602.5,6502.6,5460.3,6440.9,6407.0,5416.3,6300.3,6255.2,5287.0,6440.9,6008.884523710704,6498.312980907263,5998.182078376487,6105.404553354982,6478.964756752733,5354.644535192955,5190.188891292591
False,High,Master Protein,2921825731244054528,2851,NP_004484.1,HSD17B10#3028#3-hydroxyacyl-CoA dehydrogenase type-2 isoform 1 [Homo sapiens],0,210.402,0,72,13,354,3,13,1,261,26.9,7.78,2866,617.76,72,72,165,189,13,13,0,3545.1,4405.7,5429.6,3421.8,4456.1,5353.7,3568.3,4587.0,5760.1,3722.2,4700.8,5873.1,3568.3,4301.974919659903,3354.129748062015,4110.432620713786,3984.384660156428,3357.7768428105264,5075.605867265528,5088.862199387056
False,High,Master Protein,-7146574646182381568,455,NP_001317309.1,DNM1L#10059#dynamin-1-like protein isoform 8 [Homo sapiens],0,208.487,0,50,25,353,0,25,1,712,79.6,7.08,2829,610.93,46,49,172,181,23,24,0,4983.7,4673.6,3535.3,4896.5,4657.3,3459.7,4586.7,4283.9,3302.1,4525.3,4216.0,3214.6,4586.7,4017.7088202160585,4715.234104938271,4296.025188943317,4226.6654896400305,4804.884654515677,3304.808719342828,3288.5549341986657
False,High,Master Protein,-3236565185957520,2139,XP_011532966.1,CANX#821#calnexin isoform X3 [Homo sapiens],0,207.257,0,41,27,553,0,27,1,646,73.4,4.65,2594,772.75,41,38,271,282,26,22,0,13773.1,13321.4,11447.8,13757.7,13535.3,11230.2,15180.0,14968.7,12394.9,15631.1,15235.0,12687.1,15180.0,14038.581203381993,13031.159750933102,12485.343383484953,12047.479812925945,13500.288289886721,10701.436725961821,10674.662433747972
False,High,Master Protein,-6404819527966530560,636,NP_001290203.1,ACLY#47#ATP-citrate synthase isoform 3 [Homo sapiens],0,207.115,0,34,30,255,0,30,1,1155,126.1,8.18,1461,407.26,34,31,123,132,30,28,0,4693.6,3951.4,4778.9,4619.8,3808.9,4873.3,4597.1,3808.5,4776.3,4666.5,3806.1,4641.3,4597.1,3571.8490258392726,4440.761441286248,3513.4370433869835,3573.529188583451,4533.3618149558915,4467.3296152709645,4632.22671353885
False,High,Master Protein,-3551355837434088960,1298,XP_024307077.1,TRIM28#10155#transcription intermediary factor 1-beta isoform X1 [Homo sapiens],0,206.724,0,44,29,233,0,29,1,872,92.4,6.02,1041,309.87,42,40,115,118,28,25,0,3695.0,5027.1,4763.1,3683.1,4930.1,4912.6,3383.2,4915.6,4518.2,3574.7,4992.6,4658.7,3383.2,4610.156510808856,3495.9548162503584,4547.663621413576,4546.360425147509,3614.187822127374,4452.559729330418,4669.5826140255995
False,High,Master Protein,945585302651271040,2392,NP_061322.2,MATR3#9782#matrin-3 isoform a [Homo sapiens],0,206.661,0,36,27,328,14,27,1,847,94.6,6.25,1956,513.42,36,36,162,166,27,24,0,6256.5,7320.9,7153.8,6361.6,7369.7,7403.9,6464.5,7737.2,7560.8,6643.9,7837.9,7627.5,6464.5,7256.429114539482,5919.469907407407,6798.019632610216,6620.80524287609,6242.572085809646,6687.3930406004365,7037.642534703443
False,High,Master Protein,6874805978534967296,3812,NP_001311233.1,RPN2#6185#dolichyl-diphosphooligosaccharide--protein glycosyltransferase subunit 2 isoform 7 precursor [Homo sapiens],0,205.534,0,48,20,562,0,20,1,647,71.1,5.97,5631,956.83,48,47,272,290,20,19,0,5157.3,5386.0,5484.7,5108.8,5267.6,5266.4,6024.2,6199.9,6049.0,5936.9,6145.1,6087.9,6024.2,5814.65321656844,4879.482482773471,4858.983163051084,4870.938960801353,5013.212442150452,5127.113507475917,5005.880771588246
False,High,Master Protein,7978508680545557504,4076,NP_001073027.1,HNRNPUL2#221092#heterogeneous nuclear ribonucleoprotein U-like protein 2 [Homo sapiens],0,205.361,0,39,25,290,25,25,1,747,85.1,4.91,1276,367.82,39,35,155,135,25,20,0,3322.2,4380.7,4595.0,3486.7,4585.7,4821.3,3751.4,4863.8,4977.7,3798.2,5021.3,5213.4,3751.4,4561.575237462795,3143.2371016365196,4229.979324702588,3961.775400219548,3421.462539548618,4295.419360557887,4582.7990589507845
False,High,Master Protein,-2343158588114117632,1605,XP_016876741.1,HNRNPC#3183#heterogeneous nuclear ribonucleoproteins C1/C2 isoform X2 [Homo sapiens],0,205.213,0,52,21,1041,3,3,1,293,32.3,5.08,5067,1403.56,52,49,510,531,21,18,20,17479.4,17340.5,19434.5,18513.5,19024.7,20603.1,18787.9,19616.5,20820.1,18909.9,19271.1,21150.4,18787.9,18397.57815816623,16537.80584984209,17548.92113715885,15682.234877418467,18167.105494001018,18167.42710832693,19583.902120064897
False,High,Master Protein,1968544072233028608,2646,XP_005271170.1,"SFPQ#6421#splicing factor, proline- and glutamine-rich isoform X1 [Homo sapiens]",0,204.49,0,42,25,444,4,24,1,707,76.1,9.44,2111,697.26,42,41,210,234,25,23,1,6016.0,7981.5,6212.6,6243.0,8231.0,6433.4,5958.0,8016.7,6128.2,6309.7,8519.0,6575.7,5958.0,7518.5616608758555,5691.925351708297,7592.507102869138,7218.232327448199,6126.191136146506,5807.556543939483,6115.1514043627185
False,High,Master Protein,2564632356119292416,2773,NP_002941.1,RPN1#6184#dolichyl-diphosphooligosaccharide--protein glycosyltransferase subunit 1 precursor [Homo sapiens],0,204.133,0,44,24,554,24,24,1,607,68.5,6.38,3336,870.25,44,44,266,288,24,24,0,8126.3,8218.0,9951.0,8059.7,8101.2,9629.9,8928.0,9131.8,10955.1,8898.4,8889.7,11082.2,8928.0,8564.372045203903,7688.546041487223,7472.775913226032,7432.115926451081,7908.9,9302.223733821877,9153.526363800253
False,High,Master Protein,-2500202292612526080,1556,NP_001138303.1,PHB2#11331#prohibitin-2 isoform 1 [Homo sapiens],0,203.646,0,86,25,708,6,25,1,299,33.3,9.83,4320,1007.35,86,83,347,361,25,24,0,16764.5,18416.7,12529.8,17372.1,19152.1,13336.3,18562.5,19842.0,14577.0,19496.5,20336.0,14669.3,18562.5,18609.066133832963,15861.416648722365,17666.438498950312,16655.51829918126,17047.061514696576,11712.893472017018,12676.577497746528
False,High,Master Protein,-956583544951272832,1925,NP_060117.3,FTSJ3#117246#pre-rRNA 2'-O-ribose RNA methyltransferase FTSJ3 [Homo sapiens],0,200.871,0,36,23,320,12,23,1,847,96.5,8.4,2364,552.9,36,35,154,166,23,21,0,4209.6,3704.0,2741.6,4420.6,3835.8,2813.5,4406.3,3883.7,2874.6,4386.5,3943.2,2937.8,4406.3,3642.3762798088437,3982.833936261843,3538.2503638908324,3349.78795224809,4337.888921423874,2562.8556515572363,2674.3212727600503
False,High,Master Protein,936244165258520960,2390,XP_011529261.1,MSN#4478#moesin isoform X1 [Homo sapiens],0,199.934,0,48,31,426,0,21,1,610,71.3,6.06,2248,585.99,48,46,203,223,30,26,11,7082.0,8310.9,9616.7,7446.2,8574.0,9971.4,6295.8,7329.1,8602.5,6029.7,7082.4,8063.8,6295.8,6873.687461015784,6700.50122021246,7908.899999999999,7516.131936376525,7306.878814347929,8989.719121801312,9478.132979989183
False,High,Master Protein,-2098807042560158720,1661,NP_976317.1,RNH1#6050#ribonuclease inhibitor [Homo sapiens],0,199.715,0,72,19,260,19,19,1,461,49.9,4.82,1897,494.27,72,68,121,139,19,18,0,2532.4,2698.4,2440.6,2512.8,2643.7,2355.6,2461.5,2562.4,2329.8,2343.8,2425.2,2180.8,2461.5,2403.178664516359,2395.9826729830606,2438.6236214135756,2440.3530805470427,2465.784572626773,2281.479976360735,2239.0727528393727
False,High,Master Protein,8387303708123169792,4172,NP_002769.1,PSAP#5660#prosaposin isoform a preproprotein [Homo sapiens],0,199.086,0,51,20,608,1,20,1,524,58.1,5.17,3039,911.24,48,50,285,323,19,19,0,9813.8,11279.7,11677.8,8142.5,8797.4,9469.5,8570.8,9534.8,10167.9,12770.2,13364.6,14603.8,8570.8,8942.33060038658,9285.142456215905,8114.970475857242,10201.026772400859,7990.150781046441,10916.441394716623,9001.06106003245
False,High,Master Protein,-7722253779426460672,336,NP_001347.3,DDX3X#1654#ATP-dependent RNA helicase DDX3X isoform 1 [Homo sapiens],0,198.336,0,59,28,369,0,27,1,662,73.2,7.18,2694,550.56,56,53,186,183,27,26,0,6390.6,6283.2,6476.2,6350.7,6251.6,6554.3,6009.2,6073.9,6373.9,6344.9,6253.0,6535.9,6009.2,5696.482551672615,6046.346102497846,5766.6525822253325,5682.34008141609,6231.87602888445,6053.970590390638,6230.070701279971
False,High,Master Protein,-6811152372553307136,534,NP_057018.1,NOP58#51602#nucleolar protein 58 [Homo sapiens],0,197.886,0,50,20,367,20,20,1,529,59.5,8.92,1872,544.51,50,40,180,187,20,16,0,5402.8,6014.2,4820.0,6013.0,6510.7,5172.4,6410.4,7046.2,5400.4,6385.4,6914.9,5469.9,6410.4,6608.366182452062,5111.757694516221,6005.653747375786,5439.064444495265,5900.494522128615,4505.75001477454,4916.5307806021265
False,High,Master Protein,-1437686464987713792,1810,NP_001290453.1,TUBB6#84617#tubulin beta-6 chain isoform 1 [Homo sapiens],0,197.404,0,54,18,516,0,4,1,446,49.8,4.88,1881,751.79,54,54,257,259,18,17,1,279.6,236.5,334.7,278.8,207.8,307.3,264.9,175.4,313.6,266.0,201.7,319.9,264.9,164.50106843434645,264.53828596037897,191.6805948215535,213.88359900288154,273.5835477747311,312.87853318361795,292.09842797908783
False,High,Master Protein,7174373993236338688,3884,NP_031389.3,NONO#4841#non-POU domain-containing octamer-binding protein isoform 1 [Homo sapiens],0,196.235,0,58,24,538,1,22,1,471,54.2,8.95,2642,763.07,58,58,251,287,24,24,1,7120.1,9901.9,7159.6,7497.2,10390.0,7548.5,7250.2,10050.1,7434.3,7476.1,10376.0,7757.6,7250.2,9425.611105313712,6736.548819265001,9584.029741077677,8954.985238759546,7356.924585282331,6692.814897464688,7175.089435731025
False,High,Master Protein,1603503262744250368,2554,NP_001029249.1,H4C15#554313#histone H4 [Homo sapiens],0,195.959,0,61,12,2235,12,12,1,103,11.4,11.36,13331,3212.72,61,61,1073,1162,12,11,0,57375.3,47666.9,56537.6,62004.1,51655.2,60803.5,71093.5,59550.6,70527.8,70370.4,58512.7,70134.4,71093.5,55850.26981702617,54284.561940137806,47648.21685094471,43108.53329940995,60843.9801096815,52851.512870397724,57795.66145664323
False,High,Master Protein,8117017983706301440,4104,NP_006817.1,YWHAQ#10971#14-3-3 protein theta [Homo sapiens],0,194.79,0,69,20,709,15,15,1,245,27.7,4.78,3286,1066.65,69,69,321,388,20,18,3,10357.3,9813.3,8358.0,10217.4,9795.8,8158.2,9477.8,9173.2,7681.5,9355.4,9180.3,7691.0,9477.8,8603.19954938396,9799.36476815963,9035.922862141357,8874.858021543245,10026.22862637567,7813.082701967968,7754.628685776095
False,High,Master Protein,5211801014996620288,3442,NP_001349.2,DHX15#1665#pre-mRNA-splicing factor ATP-dependent RNA helicase DHX15 [Homo sapiens],0,194.716,0,47,29,286,28,28,1,795,90.9,7.46,1205,383.45,47,44,136,150,29,28,1,4665.7,3909.7,4681.6,4572.6,4150.5,4839.5,4686.5,4222.8,4900.9,4478.3,4066.4,4735.5,4686.5,3960.4054263657818,4414.364380562733,3828.538540937718,3535.8169430087355,4487.044944600916,4376.373292358608,4600.0987380566075
False,High,Master Protein,3269209104434095104,2938,NP_001753.1,CCT6A#908#T-complex protein 1 subunit zeta isoform a [Homo sapiens],0,193.951,0,43,19,299,1,19,1,531,58.0,6.68,1944,481.72,43,38,147,152,19,16,0,4433.5,6609.3,7874.3,4491.8,6688.1,7998.8,4164.4,6306.9,7491.6,3887.8,5798.2,7035.6,4164.4,5915.00449548791,4194.672713896066,6169.292522743177,5977.255268032748,4407.756742806804,7360.918535547544,7603.113913827294
False,High,Master Protein,3249429330709182976,2932,NP_001091.1,"ACTA1#58#actin, alpha skeletal muscle [Homo sapiens]",0,193.39,0,38,16,1905,0,4,1,377,42.0,5.39,7958,2641.91,38,38,862,1043,16,16,0,4021.1,3488.1,4583.7,4236.8,3578.2,4746.5,5034.0,4206.4,5455.5,5107.9,4111.3,5647.2,5034.0,3945.024482680928,3804.4882034165944,3300.632841147655,3154.534383433197,4157.527888134794,4284.856087701672,4511.6992788894895
False,High,Master Protein,-2770447616449315328,1504,NP_057212.1,COPG1#22820#coatomer subunit gamma-1 [Homo sapiens],0,193.057,0,48,28,233,13,25,1,874,97.7,5.47,1211,367.48,48,48,113,120,28,28,3,2756.5,2774.9,3691.9,2609.9,2680.7,3744.7,2478.1,2518.1,3496.4,2556.2,2508.2,3477.7,2478.1,2361.6313593188584,2608.0106768590294,2472.753467459762,2509.537415953894,2561.0677953273694,3451.1988546776192,3559.4565026140253
False,High,Master Protein,-5903683586191117312,760,NP_002799.3,PSMD2#5708#26S proteasome non-ATPase regulatory subunit 2 isoform 1 [Homo sapiens],0,192.97,0,36,24,191,2,24,1,908,100.1,5.2,1139,336.57,36,35,92,99,24,23,0,3814.8,2651.9,2939.3,3950.8,2758.2,3107.3,3701.5,2644.8,3027.9,3631.0,2577.8,2933.6,3701.5,2480.458527908549,3609.301335055986,2544.241658502449,2398.2998570644463,3876.879055051677,2747.666186395603,2953.5875211826215
False,High,Master Protein,4445993330794884096,3240,NP_003671.1,"YARS1#8565#tyrosine--tRNA ligase, cytoplasmic [Homo sapiens]",0,192.201,0,61,29,281,13,29,1,528,59.1,7.05,1140,399.91,61,56,139,142,29,26,0,5654.1,5405.5,5310.6,6100.1,5748.7,5462.7,5958.7,5562.7,5316.7,5298.9,5028.4,4758.4,5958.7,5217.047282666698,5349.5204672695945,5302.7634044786555,4888.574183552119,5985.964848567565,4964.364321257609,5192.4701676581935
False,High,Master Protein,-2326963864063356928,1607,NP_036450.1,LETM1#3954#mitochondrial proton/calcium exchanger protein precursor [Homo sapiens],0,191.286,0,34,20,217,0,20,1,739,83.3,6.7,1417,367.61,34,26,116,101,19,16,0,4019.6,4178.4,4369.1,4072.4,4211.2,4220.2,4618.2,4763.1,5021.6,4911.7,5011.6,5335.3,4618.2,4467.132491788116,3803.069006603502,3884.5299370188936,3778.8212688103176,3996.20387359331,4084.247383724366,4011.4343825491255
False,High,Master Protein,3811173603693887488,3069,NP_000393.4,G6PD#2539#glucose-6-phosphate 1-dehydrogenase isoform a [Homo sapiens],0,190.751,0,60,28,219,0,28,1,545,62.4,8.05,731,313.88,60,55,104,115,28,26,0,4063.1,4530.4,5440.7,4407.6,4746.2,5642.9,4247.4,4671.3,5479.2,3895.4,4169.6,5006.5,4247.4,4381.036721649729,3844.225714183175,4378.029062281315,4097.159648721583,4325.132156283733,5085.982179540216,5363.756001442221
False,High,Master Protein,3114131480513419264,2905,NP_000998.1,"RPS4X#6191#40S ribosomal protein S4, X isoform [Homo sapiens]",0,189.596,0,67,22,604,13,22,1,263,29.6,10.15,3137,909.61,67,63,290,314,22,20,0,13623.1,12328.6,13153.9,13910.3,12854.0,13536.5,13274.7,12358.4,12908.3,12576.9,11641.3,12167.4,13274.7,11590.478928956823,12889.240069623886,11856.893002099368,11149.620882312582,13650.03308683946,12296.303966668635,12866.873967910582
