Accession,Checked,Protein FDR Confidence: Combined,Master,Unique Sequence ID,Protein Group IDs,Description,Exp. q-value: Combined,Sum PEP Score,# Decoy Protein: Combined,Coverage [%],# Peptides,# PSMs,# Protein Unique Peptides,# Unique Peptides,# Protein Groups,# AAs,MW [kDa],calc. pI,Score Mascot: Mascot,Score Sequest HT: Sequest HT,Coverage [%] (by Search Engine): Mascot,Coverage [%] (by Search Engine): Sequest HT,# PSMs (by Search Engine): Mascot,# PSMs (by Search Engine): Sequest HT,# Peptides (by Search Engine): Mascot,# Peptides (by Search Engine): Sequest HT,# Razor Peptides,Abundances (by Bio. Rep.): Cntrol 1,Abundances (by Bio. Rep.): Cntrol 2,Abundances (by Bio. Rep.): Cntrol 3,Abundances (by Bio. Rep.): Sample- A1,Abundances (by Bio. Rep.): Sample- A2,Abundances (by Bio. Rep.): Sample- A3,Abundances (by Bio. Rep.): Sample- B1,Abundances (by Bio. Rep.): Sample- B2,Abundances (by Bio. Rep.): Sample- B3,Abundances (by Bio. Rep.): Sample- C1,Abundances (by Bio. Rep.): Sample- C2,Abundances (by Bio. Rep.): Sample- C3,normalized Abundances (by Bio. Rep.): Cntrol 1,normalized Abundances (by Bio. Rep.): Cntrol 2,normalized Abundances (by Bio. Rep.): Cntrol 3,normalized Abundances (by Bio. Rep.): Sample- A1,normalized Abundances (by Bio. Rep.): Sample- A2,normalized Abundances (by Bio. Rep.): Sample- A3,normalized Abundances (by Bio. Rep.): Sample- B1,normalized Abundances (by Bio. Rep.): Sample- B2,normalized Abundances (by Bio. Rep.): Sample- B3,normalized Abundances (by Bio. Rep.): Sample- C1,normalized Abundances (by Bio. Rep.): Sample- C2,normalized Abundances (by Bio. Rep.): Sample- C3
NP_000173.2,FALSE,High,Master Protein,4.54806E+17,2254,"HADHA#3030#trifunctional enzyme subunit alpha, mitochondrial precursor [Homo sapiens]",0,429.944,0,69,45,725,45,45,1,763,82.9,9.04,4488,1062.57,66,67,373,352,44,39,0,10071.5,10902.8,12468.4,10105.7,10902.5,12480.9,11481.1,12318,14163.4,12690.4,13993,15765.8,9515.738037,9645.422978,11505.56333,9880.914967,9987.008432,11755.36486,11246.45207,11459.36332,13094.28597,12690.4,12982.00205,14813.64802
NP_000179.2,FALSE,High,Master Protein,-7.23341E+18,436,HK1#3098#hexokinase-1 isoform HKI [Homo sapiens],0,316.989,0,53,43,467,0,40,1,917,102.4,6.8,2675,679.87,53,51,227,240,43,41,3,8365.1,8300.3,8564.9,7754.3,7785.7,8004.2,8402.7,8495.7,8783.8,9164.2,9376.8,9699.6,7903.5,7343.059062,7903.5,7581.818076,7131.928599,7538.902756,8230.967658,7903.5,8120.761195,9164.2,8699.323723,9113.807121
NP_000282.1,FALSE,High,Master Protein,-1.11929E+18,1881,PGK1#5230#phosphoglycerate kinase 1 [Homo sapiens],0,310.179,0,76,28,910,23,28,1,417,44.6,8.1,4162,1266.98,76,72,422,488,28,26,0,19506.7,26247.5,18959.5,18820.6,25831.2,18404.6,18429.4,25215.8,17804.7,19678.5,27024.1,19290.6,18430.28816,23220.47911,17495.40663,18401.96604,23662.13366,17334.71049,18052.7444,23458.1112,16460.72507,19678.5,25071.60164,18125.57298
NP_000393.4,FALSE,High,Master Protein,3.81117E+18,3069,G6PD#2539#glucose-6-phosphate 1-dehydrogenase isoform a [Homo sapiens],0,190.751,0,60,28,219,0,28,1,545,62.4,8.05,731,313.88,60,55,104,115,28,26,0,4063.1,4530.4,5440.7,4407.6,4746.2,5642.9,4247.4,4671.3,5479.2,3895.4,4169.6,5006.5,3838.891448,4007.926795,5020.557444,4309.560031,4347.657823,5314.868989,4160.59267,4345.683057,5065.606541,3895.4,3868.345299,4704.139898
NP_000405.1,FALSE,High,Master Protein,-1.08814E+18,1886,HSD17B4#3295#peroxisomal multifunctional enzyme type 2 isoform 2 [Homo sapiens],0,218.058,0,54,28,222,3,28,1,736,79.6,8.84,1317,352.23,54,52,111,111,27,25,0,2965.2,3087.7,4257,3051.3,3116.3,4362.7,3231.8,3422.8,4613.4,3024.1,3238.5,4495.4,2801.575379,2731.607709,3928.265304,2983.428742,2854.621818,4109.08911,3165.749256,3184.210813,4265.16083,3024.1,3004.51752,4223.90702
NP_000691.1,FALSE,High,Master Protein,4.3886E+18,3223,ANXA1#301#annexin A1 [Homo sapiens],0,343.402,0,73,27,1777,1,27,1,346,38.7,7.02,13413,2881.23,73,71,850,927,27,25,0,34332.2,32293.7,31376.8,33367.4,31480.7,30823.8,31717.7,29868,28995.5,29850,28154.7,27346.9,32437.69264,28569.39465,28953.81602,32625.19589,28837.24066,29031.96207,31069.46135,27786.02564,26806.7956,29850,26120.51549,25695.32475
NP_000692.2,FALSE,High,Master Protein,-2.08476E+18,1665,ATP1A1#476#sodium/potassium-transporting ATPase subunit alpha-1 isoform a [Homo sapiens],0,356.985,0,49,39,1242,0,36,1,1023,112.8,5.49,8020,2047.01,49,48,587,655,39,38,3,13428,15655.1,14341.8,13066.6,15368.3,13959.6,13345.4,15984.3,14206.1,13839.7,16162.5,14608,12687.02084,13849.65892,13234.29536,12775.95451,14077.81167,13148.10561,13072.64996,14870.10076,13133.76279,13839.7,14994.75511,13725.77162
NP_000909.2,FALSE,High,Master Protein,-2.58686E+18,1541,P4HB#5034#protein disulfide-isomerase precursor [Homo sapiens],0,378.499,0,72,37,1236,10,37,1,508,57.1,4.87,6653,1834.17,72,68,593,643,37,33,0,32358.8,26029.6,23951.2,31770.4,25814.2,23934.2,35202.6,28549.4,26245.9,35373.9,28329.6,26136.6,30573.1881,23027.70866,22101.63682,31063.71858,23646.56116,22542.86579,34483.13781,26559.33977,24264.74718,35373.9,26282.77892,24558.11902
NP_000959.2,FALSE,High,Master Protein,-3.97044E+18,1212,RPL4#6124#60S ribosomal protein L4 [Homo sapiens],0,214.635,0,52,27,454,27,27,1,427,47.7,11.06,2056,683.42,52,42,241,213,27,19,0,11363.6,11159.7,12506.1,11847.3,11738.8,13237.8,11771.2,11474.6,12828.2,10937.6,10664.2,11958.5,10736.53783,9872.695712,11540.35206,11583.77588,10753.08366,12468.26502,11530.62307,10674.75324,11859.87258,10937.6,9893.708733,11236.28422
NP_000998.1,FALSE,High,Master Protein,3.11413E+18,2905,"RPS4X#6191#40S ribosomal protein S4, X isoform [Homo sapiens]",0,189.596,0,67,22,604,13,22,1,263,29.6,10.15,3137,909.61,67,63,290,314,22,20,0,13623.1,12328.6,13153.9,13910.3,12854,13536.5,13274.7,12358.4,12908.3,12576.9,11641.3,12167.4,12871.3549,10906.79107,12138.12755,13600.88776,11774.63943,12749.6011,13003.3949,11496.94721,11933.92629,12576.9,10800.213,11432.56802
NP_001029249.1,FALSE,High,Master Protein,1.6035E+18,2554,H4C15#554313#histone H4 [Homo sapiens],0,195.959,0,61,12,2235,12,12,1,103,11.4,11.36,13331,3212.72,61,61,1073,1162,12,11,0,57375.3,47666.9,56537.6,62004.1,51655.2,60803.5,71093.5,59550.6,70527.8,70370.4,58512.7,70134.4,54209.23642,42169.66399,52171.64492,60624.91858,47317.67191,57268.89305,69640.50831,55399.57474,65204.0599,70370.4,54285.14197,65898.73749
NP_001060.1,FALSE,High,Master Protein,-7.04859E+18,483,TUBB2A#7280#tubulin beta-2A chain isoform 1 [Homo sapiens],0,310.568,0,62,23,1214,1,3,1,445,49.9,4.89,6059,1929.73,62,55,587,627,23,21,0,175.3,47.2,135.1,140.9,34.2,112.3,124.7,50.2,85.9,150.7,40.6,111.1,165.6266572,41.75660973,124.6672874,137.7659063,31.32819889,105.7718172,122.1514117,46.70076627,79.41590048,150.7,37.66663928,104.3902812
NP_001073027.1,FALSE,High,Master Protein,7.97851E+18,4076,HNRNPUL2#221092#heterogeneous nuclear ribonucleoprotein U-like protein 2 [Homo sapiens],0,205.361,0,39,25,290,25,25,1,747,85.1,4.91,1276,367.82,39,35,155,135,25,20,0,3322.2,4380.7,4595,3486.7,4585.7,4821.3,3751.4,4863.8,4977.7,3798.2,5021.3,5213.4,3138.87553,3875.491107,4240.164217,3409.14397,4200.635136,4541.029942,3674.729798,4524.764681,4601.961907,3798.2,4658.509749,4898.544481
NP_001091.1,FALSE,High,Master Protein,3.24943E+18,2932,"ACTA1#58#actin, alpha skeletal muscle [Homo sapiens]",0,193.39,0,38,16,1905,0,4,1,377,42,5.39,7958,2641.91,38,38,862,1043,16,16,0,4021.1,3488.1,4583.7,4236.8,3578.2,4746.5,5034,4206.4,5455.5,5107.9,4111.3,5647.2,3799.209077,3085.831152,4229.736827,4142.559202,3277.735709,4470.578188,4931.11633,3913.189308,5043.695519,5107.9,3814.257489,5306.145777
NP_001091868.1,FALSE,High,Master Protein,-1.16611E+18,1872,COPA#1314#coatomer subunit alpha isoform 1 [Homo sapiens],0,275.817,0,47,39,296,0,39,1,1233,139.2,7.59,912,401.74,46,38,147,149,38,33,0,4612.1,3784.5,4209.7,4480.1,3652.8,4066.8,4168.3,3420.2,3717.3,4043.6,3383.2,3673.2,4357.596723,3348.048507,3884.617911,4380.447385,3346.071488,3830.390261,4083.109297,3181.792048,3436.702292,4043.6,3138.762906,3451.362563
NP_001091974.1,FALSE,High,Master Protein,-4.23459E+18,1155,DDX17#10521#probable ATP-dependent RNA helicase DDX17 isoform 3 [Homo sapiens],0,236.832,0,44,32,532,0,24,1,731,80.4,8.37,3070,774.14,44,44,260,272,32,32,7,6837.8,7477,8431.4,7123.9,8030.6,8993.7,7119.4,7942.4,8638.3,6994.6,7993.4,8738.8,6460.47893,6614.707012,7780.309157,6965.440309,7356.264152,8470.881502,6973.895432,7388.768247,7986.244157,6994.6,7415.874739,8211.033205
NP_001092.1,FALSE,High,Master Protein,-1.7449E+17,2100,"ACTB#60#actin, cytoplasmic 1 [Homo sapiens]",0,447.673,0,83,25,3461,1,1,1,375,41.7,5.48,24131,5726.65,83,79,1640,1821,25,24,36,44543.2,44670.9,44413.3,46037.2,45927.7,45398,54810.4,53502.5,52601.8,54852.2,53719.8,53205.3,42085.23284,39519.18088,40983.60945,45013.17657,42071.11462,42758.93997,53690.19835,49773.0627,48631.19108,54852.2,49838.53026,49992.04524
NP_001093.1,FALSE,High,Master Protein,-1.51806E+18,1795,ACTN1#87#alpha-actinin-1 isoform b [Homo sapiens],0,450.937,0,71,50,1071,0,32,1,892,103,5.41,6057,1569.28,69,67,524,547,49,45,0,6881.1,7018.3,6259.4,6166.2,7377.1,6166.2,7377.1,7558.9,6707.8,8069.5,8278.2,7380.4,6501.389565,6208.907078,5776.035669,6029.042804,6757.639065,5807.748704,7226.328622,7032.000441,6201.466557,8069.5,7680.097864,6934.671747
NP_001095868.1,FALSE,High,Master Protein,-1.92667E+18,1695,HNRNPR#10236#heterogeneous nuclear ribonucleoprotein R isoform 1 [Homo sapiens],0,265.54,0,48,28,833,0,1,1,636,71.2,8.13,4395,1325.2,48,46,364,469,27,26,0,124.8,27.9,111.3,133.3,34.6,103.1,131.9,29.6,109.4,141.8,23.7,111.7,117.9133304,24.68240278,102.7051746,130.334956,31.69461057,97.10662829,129.2042598,27.5367068,101.1420199,141.8,21.98766874,104.9540451
NP_001099008.1,FALSE,High,Master Protein,8.44709E+18,4188,MYBBP1A#10514#myb-binding protein 1A isoform 1 [Homo sapiens],0,335.286,0,38,37,486,0,37,1,1332,149.3,9.28,2666,706.95,38,36,249,237,37,32,0,5216.3,5800.6,6365,5482.9,5871.2,6696.5,5518.2,5893.2,6537.2,5390.2,5735.6,6511,4928.455972,5131.639627,5873.48101,5360.941713,5378.190682,6307.221497,5405.420368,5482.409478,6043.744175,5390.2,5321.201385,6117.777864
NP_001104026.1,FALSE,High,Master Protein,-4.56755E+18,1081,FLNA#2316#filamin-A isoform 2 [Homo sapiens],0,693.035,0,47,84,810,0,78,1,2647,280.6,6.06,3837,1225.28,45,46,371,439,81,82,7,12269.9,11744.8,10437.3,11456.3,13562.4,11456.3,13562.4,12663.4,11240.9,12774,12330.4,10863.1,11592.8267,10390.31843,9631.309245,11201.47304,12423.55452,10790.32653,13285.21496,11780.68692,10392.38877,12774,11439.52534,10207.03927
NP_001129172.1,FALSE,High,Master Protein,-9.14263E+18,22,YWHAZ#7534#14-3-3 protein zeta/delta [Homo sapiens],0,265.001,0,73,20,1304,16,16,1,245,27.7,4.79,7268,2102.56,73,73,588,716,20,20,0,21582.9,22490.9,21121.5,21356.9,22412.9,20625.4,19805.4,20753.1,19158.8,19737.6,20609.3,19166.9,20391.92002,19897.113,19490.45234,20881.85013,20530.87102,19426.41175,19400.62204,19306.4875,17712.61181,19737.6,19120.27263,18009.34365
NP_001138303.1,FALSE,High,Master Protein,-2.5002E+18,1556,PHB2#11331#prohibitin-2 isoform 1 [Homo sapiens],0,203.646,0,86,25,708,6,25,1,299,33.3,9.83,4320,1007.35,86,83,347,361,25,24,0,16764.5,18416.7,12529.8,17372.1,19152.1,13336.3,18562.5,19842,14577,19496.5,20336,14669.3,15839.40727,16292.77446,11562.22189,16985.68559,17543.88298,12561.03906,18183.12413,18458.8965,13476.66567,19496.5,18866.71863,13783.3695
NP_001145.1,FALSE,High,Master Protein,7.06121E+18,3857,ANXA5#308#annexin A5 [Homo sapiens],0,249.759,0,76,27,924,14,26,1,320,35.9,5.05,6745,1459.2,76,76,461,463,26,24,1,23955.6,20795.9,21835.5,23630.3,20679.2,21240.1,22169.4,19448.6,19935.2,21546.8,18688.6,19092,22633.69052,18397.59068,20149.31572,23104.682,18942.75118,20005.37823,21716.30719,18092.91878,18430.40581,21546.8,17338.34371,17938.96713
NP_001152759.1,FALSE,High,Master Protein,8.84681E+18,4278,TPI1#7167#triosephosphate isomerase isoform 2 [Homo sapiens],0,356.179,0,80,23,1133,0,23,1,286,30.8,5.92,6128,1929.94,80,79,538,595,23,21,0,24364,21358.8,22405,24001.3,20980,22064.1,22851.1,19952.6,20858.6,24370.8,20856,21882.8,23019.55434,18895.57364,20674.83771,23467.42971,19218.29277,20781.47776,22384.07477,18561.78703,19284.10363,24370.8,19349.14849,20561.22092
NP_001171725.1,FALSE,High,Master Protein,8.95622E+18,4305,ESYT1#23344#extended synaptotagmin-1 isoform 1 [Homo sapiens],0,250.916,0,44,31,296,0,31,1,1114,123.9,5.78,1935,524.57,41,37,148,148,29,26,0,3155.5,4189.1,4631.5,2986.3,3905.6,4432.2,3152.2,4075.6,4720,3283.9,4249.3,4860.4,2981.374311,3705.987581,4273.845608,2919.874562,3577.643672,4174.548961,3087.776102,3791.506833,4363.714206,3283.9,3942.286953,4566.863389
NP_001184222.1,FALSE,High,Master Protein,5.18893E+18,3432,DPYSL2#1808#dihydropyrimidinase-related protein 2 isoform 1 [Homo sapiens],0,244.341,0,56,26,508,0,26,1,677,73.5,6.35,2592,818.01,56,55,245,263,26,24,0,9617.2,9294.9,7918,8495.8,8365.2,7009.5,7724.1,7640.8,6697,8163.3,7936.5,6967,9086.507059,8222.955758,7306.555009,8306.824601,7662.767524,6602.026295,7566.23672,7108.191532,6191.481787,8163.3,7363.085779,6546.238424
NP_001244957.1,FALSE,High,Master Protein,3.1258E+18,2908,TKT#7086#transketolase isoform 2 [Homo sapiens],0,431.727,0,73,39,1082,0,39,1,631,68.8,7.52,5485,1672.5,71,72,497,585,37,34,0,24305.6,19700.4,20391.3,24862.2,19793.3,20791,23307.4,18693.5,20205.9,22907,18242.7,19198.2,22964.37695,17428.43039,18816.63995,24309.18037,18131.24091,19582.38515,22831.04902,17390.45367,18680.67222,22907,16924.66011,18038.75334
NP_001257376.1,FALSE,High,Master Protein,4.1562E+18,3155,"ACADVL#37#very long-chain specific acyl-CoA dehydrogenase, mitochondrial isoform 3 [Homo sapiens]",0,279.889,0,60,36,463,0,36,1,678,72.9,8.75,2920,739.3,60,60,221,242,36,36,0,4142,5579.1,7820.9,3974.4,5249.2,7454.9,4525.2,6495.2,9101.4,5148.3,7202.7,9893.6,3913.437616,4935.68435,7216.95328,3885.995868,4808.420515,7021.534464,4432.715061,6042.446555,8414.387388,5148.3,6682.303023,9296.09078
NP_001258898.1,FALSE,High,Master Protein,-2.22084E+18,1638,HSP90AB1#3326#heat shock protein HSP 90-beta isoform a [Homo sapiens],0,593.239,0,67,50,3487,0,30,1,724,83.2,5.03,13508,5581.42,67,63,1601,1886,50,42,23,45755.2,45825,50403,50918,42287.8,50918,42287.8,42383.7,46361.5,39637.1,39521.9,43547.7,43230.35268,40540.18307,46510.77193,49785.41103,38736.85991,47958.05334,41423.53221,39429.30811,42861.93562,39637.1,36666.43229,40917.70159
NP_001264153.1,FALSE,High,Master Protein,8.92484E+18,4297,TAGLN2#8407#transgelin-2 isoform a [Homo sapiens],0,237.212,0,76,15,511,0,14,1,220,24.4,8.25,2981,863.88,76,76,213,298,15,14,1,8519.1,9383.3,9980.5,8030,8769,9286,7908.9,8540.9,9020.7,7718.5,8372.3,8904.9,8049.002026,8301.160934,9209.784323,7851.385573,8032.660118,8746.189625,7747.259822,7945.549296,8339.778969,7718.5,7767.399114,8367.101843
NP_001269554.1,FALSE,High,Master Protein,-1.09989E+18,1885,LMNA#4000#lamin isoform C [Homo sapiens],0,606.616,0,76,58,2714,0,1,1,572,65.1,6.84,12635,3798.54,76,74,1284,1430,56,51,0,444.2,513,179,186.5,454.3,186.5,454.3,533.4,180.3,411.2,534.2,162.3,419.6883122,453.8377286,165.177235,182.3516076,416.1520688,175.6584498,445.0151269,496.218899,166.6901846,411.2,495.6039089,152.4981335
NP_001269633.1,FALSE,High,Master Protein,-9.16575E+18,17,PDIA6#10130#protein disulfide-isomerase A6 isoform a [Homo sapiens],0,281.648,0,49,18,734,0,18,1,492,53.9,5.33,5143,1480.45,49,47,322,412,18,16,0,8922,9365.5,12687.3,8432.4,8654.4,11787.2,8960.4,9415.7,12915.3,8864.8,9431.6,12855.2,8429.66934,8285.413738,11707.55941,8244.834832,7927.683171,11101.99078,8777.269521,8759.370617,11940.3979,8864.8,8750.164409,12078.82936
NP_001275582.1,FALSE,High,Master Protein,3.37789E+18,2964,CLTC#1213#clathrin heavy chain 1 isoform 2 [Homo sapiens],0,807.882,0,68,85,1597,0,85,1,1679,191.9,5.69,9283,2463.87,68,61,778,819,85,77,0,24318.9,27622.9,25656.4,25719,23427.3,25719,23427.3,26779.1,24977.8,23151.8,26272,24449.6,22976.94303,24437.25964,23675.15761,25146.92223,21460.09105,24223.91245,22948.49853,24912.44004,23092.36879,23151.8,24373.84106,22973.00287
NP_001275905.1,FALSE,High,Master Protein,2.21401E+18,2703,XRCC6#2547#X-ray repair cross-complementing protein 6 isoform 1 [Homo sapiens],0,338.87,0,59,39,688,0,39,1,609,69.8,6.64,2998,1123.91,59,49,322,366,39,32,0,13435.4,13559.3,15055.4,13970.2,14259.5,15636.5,13457.8,13604.9,15189.6,13235.5,13396.3,14706.6,12694.01249,11995.55929,13892.78963,13659.45538,13062.11848,14727.52467,13182.75275,12656.55887,14043.024,13235.5,12428.41379,13818.41682
NP_001276052.1,FALSE,High,Master Protein,5.18988E+17,2278,TUBB4A#10382#tubulin beta-4A chain isoform 1 [Homo sapiens],0,298.434,0,68,25,1039,0,2,1,495,54.4,5.02,4583,1594.54,68,68,505,534,24,22,2,48.1,543,184.6,57.5,497.5,163.8,56.8,489.2,176.6,59,531.5,217.2,45.44576275,480.3779467,170.3447909,56.22100504,455.7245306,154.278038,55.63913539,455.0998976,163.2694764,59,493.0989846,204.0825299
NP_001290043.1,FALSE,High,Master Protein,-7.56179E+18,376,TUBA1C#84790#tubulin alpha-1C chain isoform a [Homo sapiens],0,271.844,0,64,26,1251,0,3,1,519,57.7,5.07,10671,2135.43,64,64,572,679,26,26,26,24867.1,28731.6,26574.4,17933.4,19945.6,18996.7,16904.1,18699.6,17873.9,19323.6,22242.6,20710.6,23494.89245,25418.09763,24522.26767,17534.50038,18270.75216,17892.39074,16558.61811,17396.12846,16524.70155,19323.6,20635.56628,19459.81419
NP_001290203.1,FALSE,High,Master Protein,-6.40482E+18,636,ACLY#47#ATP-citrate synthase isoform 3 [Homo sapiens],0,207.115,0,34,30,255,0,30,1,1155,126.1,8.18,1461,407.26,34,31,123,132,30,28,0,4693.6,3951.4,4778.9,4619.8,3808.9,4873.3,4597.1,3808.5,4776.3,4666.5,3806.1,4641.3,4434.599419,3495.700587,4409.863063,4517.039984,3489.063647,4590.007097,4503.145586,3543.025266,4415.764441,4666.5,3531.10827,4360.995607
NP_001290453.1,FALSE,High,Master Protein,-1.43769E+18,1810,TUBB6#84617#tubulin beta-6 chain isoform 1 [Homo sapiens],0,197.404,0,54,18,516,0,4,1,446,49.8,4.88,1881,751.79,54,54,257,259,18,17,1,279.6,236.5,334.7,278.8,207.8,307.3,264.9,175.4,313.6,266,201.7,319.9,264.1712113,209.2253856,308.8537461,272.5985427,190.3508693,289.4361482,259.4860381,163.1735937,289.9281303,266,187.1271217,300.5801165
NP_001302466.1,FALSE,High,Master Protein,-3.01348E+18,1433,LDHB#3945#L-lactate dehydrogenase B chain isoform LDHBx [Homo sapiens],0,245.312,0,56,21,1008,0,19,1,341,37.4,6.25,6676,1726.47,56,56,478,530,21,18,0,17800.4,17700,18200.7,16566.6,16682.4,16745,15354.7,15448.6,15175.1,15151.4,15322.2,15257.8,16818.1446,15658.72865,16795.2028,16198.10264,15281.56565,15771.58575,15040.88437,14371.74219,14029.61853,15151.4,14215.167,14336.32792
NP_001307524.1,FALSE,High,Master Protein,5.33568E+18,3472,DDX5#1655#probable ATP-dependent RNA helicase DDX5 isoform a [Homo sapiens],0,225.109,0,51,30,454,0,23,1,614,69.1,8.92,2639,645.39,51,51,224,230,30,29,0,5753.4,4706,6342,5691.5,4742.9,6278.1,5190.9,4395.1,5661.5,5373.1,4607.5,5906,5435.917909,4163.275538,5852.257119,5564.901742,4344.634927,5913.143774,5084.809646,4088.735813,5234.145757,5373.1,4274.606908,5549.315937
NP_001311233.1,FALSE,High,Master Protein,6.87481E+18,3812,RPN2#6185#dolichyl-diphosphooligosaccharide--protein glycosyltransferase subunit 2 isoform 7 precursor [Homo sapiens],0,205.534,0,48,20,562,0,20,1,647,71.1,5.97,5631,956.83,48,47,272,290,20,19,0,5157.3,5386,5484.7,5108.8,5267.6,5266.4,6024.2,6199.9,6049,5936.9,6145.1,6087.9,4872.711689,4764.853814,5061.159669,4995.162966,4825.275452,4960.25555,5901.078863,5767.730693,5592.395599,5936.9,5701.114902,5720.230357
NP_001317309.1,FALSE,High,Master Protein,-7.14657E+18,455,DNM1L#10059#dynamin-1-like protein isoform 8 [Homo sapiens],0,208.487,0,50,25,353,0,25,1,712,79.6,7.08,2829,610.93,46,49,172,181,23,24,0,4983.7,4673.6,3535.3,4896.5,4657.3,3459.7,4586.7,4283.9,3302.1,4525.3,4216,3214.6,4708.691223,4134.612102,3262.29653,4787.585237,4266.222827,3258.581978,4492.958139,3985.287104,3052.843364,4525.3,3911.392886,3020.459026
NP_001337407.1,FALSE,High,Master Protein,-6.93675E+18,515,CAP1#10487#adenylyl cyclase-associated protein 1 isoform a [Homo sapiens],0,227.649,0,59,25,393,0,1,1,475,51.6,8.02,1997,566.81,59,59,189,204,25,22,0,43.8,229.8,413.9,34.1,208.8,380.4,42.4,203.9,378.6,41.1,182.8,344.2,41.38304384,203.2980703,381.9377518,33.34150038,191.2668985,358.2867255,41.5334391,189.6869769,350.0216522,41.1,169.5926517,323.4125542
NP_001337414.1,FALSE,High,Master Protein,5.46873E+18,3500,CAP1#10487#adenylyl cyclase-associated protein 1 isoform b [Homo sapiens],0,214.014,0,59,25,383,0,1,1,474,51.6,8.02,1968,540.17,59,59,188,195,25,22,26,6868.3,6751,5728.1,6602.5,6502.6,5460.3,6440.9,6407,5416.3,6300.3,6255.2,5287,6489.29589,5972.433735,5285.763798,6455.638013,5956.571523,5142.883826,6309.26245,5960.394611,5007.454502,6300.3,5803.260148,4967.699519
NP_001339990.1,FALSE,High,Master Protein,-3.6228E+18,1282,GSN#2934#gelsolin isoform b [Homo sapiens],0,279.77,0,57,35,496,2,35,1,731,80.6,5.85,2580,767.9,57,52,243,253,35,30,0,10494,11876,12149.1,10363,11740.5,12101.2,10031,11330.4,11721.1,9666.9,10875.8,11160.7,9914.923791,10506.38765,11210.92037,10132.49174,10754.64091,11397.73744,9825.988858,10540.60482,10836.34122,9666.9,10090.02058,10486.66617
NP_001341087.1,FALSE,High,Master Protein,-2.3331E+18,1606,ACSL3#2181#long-chain-fatty-acid--CoA ligase 3 [Homo sapiens],0,413.755,0,62,33,1060,30,30,1,720,80.4,8.38,4295,1690.02,58,62,491,569,30,33,4,16969.5,19067.5,20182.9,17866.8,20282.1,21678.6,21333.2,24232.5,26141.2,22241.5,25285.2,27097.3,16033.09503,16868.52025,18624.33305,17469.38179,18578.99598,20418.38751,20897.19724,22543.35296,24167.95038,22241.5,23458.33762,25460.79897
NP_001347.3,FALSE,High,Master Protein,-7.72225E+18,336,DDX3X#1654#ATP-dependent RNA helicase DDX3X isoform 1 [Homo sapiens],0,198.336,0,59,28,369,0,27,1,662,73.2,7.18,2694,550.56,56,53,186,183,27,26,0,6390.6,6283.2,6476.2,6350.7,6251.6,6554.3,6009.2,6073.9,6373.9,6344.9,6253,6535.9,6037.956163,5558.583268,5976.093907,6209.438899,5726.648192,6173.287816,5886.38543,5650.51363,5892.770757,6344.9,5801.219098,6141.174065
NP_001348.2,FALSE,High,Master Protein,7.05427E+18,3854,DHX9#1660#ATP-dependent RNA helicase A [Homo sapiens],0,523.236,0,48,51,974,51,51,1,1270,140.9,6.84,6291,1618.59,48,45,491,483,51,45,0,12381.4,13556.5,12207.7,12672.4,13003,12672.4,13003,14191.3,13057.9,13392.4,14409.4,12914.4,11698.17395,11993.0822,11264.99515,12390.52286,11911.12778,11935.73265,12737.24784,13202.08335,12072.23384,13392.4,13368.31704,12134.45407
NP_001349.2,FALSE,High,Master Protein,5.2118E+18,3442,DHX15#1665#pre-mRNA-splicing factor ATP-dependent RNA helicase DHX15 [Homo sapiens],0,194.716,0,47,29,286,28,28,1,795,90.9,7.46,1205,383.45,47,44,136,150,29,28,1,4665.7,3909.7,4681.6,4572.6,4150.5,4839.5,4686.5,4222.8,4900.9,4478.3,4066.4,4735.5,4408.238987,3458.809683,4320.076778,4470.889872,3801.979225,4558.171946,4590.718451,3928.446132,4530.9591,4478.3,3772.601526,4449.506539
NP_001352542.1,FALSE,High,Master Protein,3.94567E+18,3104,RRBP1#6238#ribosome-binding protein 1 isoform 1 [Homo sapiens],0,302.97,0,53,45,400,11,45,1,1410,152.4,8.6,1657,523.49,50,48,198,202,43,39,0,10181.8,12056.6,4352.6,9724,11500.8,4333.6,9137.9,10675.1,4011.1,9678.8,11503.8,4155.2,9619.951501,10666.15976,4016.482866,9507.705269,10535.06871,4081.680741,8951.141819,9930.983068,3708.325011,9678.8,10672.64741,3904.252892
NP_001367.2,FALSE,High,Master Protein,-2.30578E+18,1619,DYNC1H1#1778#cytoplasmic dynein 1 heavy chain 1 [Homo sapiens],0,654.727,0,30,102,700,102,102,1,4646,532.1,6.4,3364,1082.75,29,29,360,340,99,97,0,8774.4,9408.9,10434.5,11018.6,8628,11018.6,8628,9218.7,10465.2,7903.5,8461.7,9519.9,8290.214152,8323.808586,9628.725467,10773.50898,7903.5,10378.07075,8451.663031,8576.10267,9675.241929,7903.5,7850.33994,8944.959835
NP_001393.1,FALSE,High,Master Protein,-4.10325E+17,2043,EEF1A1#1915#elongation factor 1-alpha 1 [Homo sapiens],0,392.58,0,73,29,1127,17,17,1,462,50.1,9.01,4145,1571.91,73,71,554,573,28,26,16,26600.6,30024.6,25592.8,28411.4,32302.2,27115.9,24557.6,27791.8,23809.4,22177.8,25076.7,21240.1,25132.73507,26561.98103,23616.46894,27779.43413,29589.75866,25539.60836,24055.69773,25854.54892,22012.16462,22177.8,23264.9018,19957.33583
NP_001407.1,FALSE,High,Master Protein,-1.61219E+18,1772,EIF4A1#1973#eukaryotic initiation factor 4A-I isoform 1 [Homo sapiens],0,272.916,0,75,25,631,2,14,1,406,46.1,5.48,3470,917.27,75,71,310,321,25,23,13,10059.6,13108.1,10820.3,9799.1,12680.6,10616,8420.6,10990.9,9192.7,8434.4,11016.8,9045.3,9504.494698,11596.39441,9984.733161,9581.13479,11615.79997,9998.874549,8248.501822,10224.76996,8498.795673,8434.4,10220.83329,8499.022594
NP_001419.1,FALSE,High,Master Protein,5.57973E+18,3523,ENO1#2023#alpha-enolase isoform 1 [Homo sapiens],0,512.817,0,72,33,3676,5,30,1,434,47.1,7.39,15112,5854.93,71,72,1679,1997,32,30,4,60020.2,60428.7,65880.3,63647.8,56577.2,63647.8,56577.2,57363.7,62621.9,57985.7,59014.6,64077.5,56708.18648,53459.69581,60792.88153,62232.05712,51826.36766,59947.84924,55420.88892,53365.11446,57894.93106,57985.7,54750.77956,60207.63493
NP_001524.2,FALSE,High,Master Protein,2.61347E+18,2782,HNRNPL#3191#heterogeneous nuclear ribonucleoprotein L isoform a [Homo sapiens],0,219.41,0,75,24,442,0,23,1,589,64.1,8.22,1830,629.95,62,71,207,235,22,22,1,6029.8,7389.6,7356.9,6356.1,7936.9,8014.2,6647.3,8124.8,8394.5,6532.6,8018.1,8381.6,5697.065702,6537.38651,6788.784358,6214.718784,7270.432215,7548.32144,6511.444097,7558.4539,7760.847224,6532.6,7438.790157,7875.405766
NP_001596.2,FALSE,High,Master Protein,3.49007E+18,2995,"AARS1#16#alanine--tRNA ligase, cytoplasmic [Homo sapiens]",0,347.426,0,61,43,542,43,43,1,968,106.7,5.53,3454,893.18,59,57,260,282,42,38,0,7510.6,7671.8,6873.4,8083.3,8305.4,7485.9,8068.4,8250.3,7444.9,7063.4,7193,6468.2,7096.152718,6787.041494,6342.621268,7903.5,7607.988978,7050.732384,7903.5,7675.205816,6882.927095,7063.4,6673.30385,6077.562706
NP_001605.1,FALSE,High,Master Protein,6.98012E+18,3836,"ACTG1#71#actin, cytoplasmic 2 [Homo sapiens]",0,452.043,0,83,25,3533,1,1,1,375,41.8,5.48,24969,5726.65,83,79,1712,1821,25,24,0,3016.2,1344.6,1039.7,1009,3163.5,1009,3163.5,1427.2,1139.3,3119.5,1459.3,1156.6,2849.761115,1189.532573,959.4121297,986.5564188,2897.858397,950.3451789,3098.845155,1327.715809,1053.300762,3119.5,1353.86519,1086.748868
NP_001609.2,FALSE,High,Master Protein,-9.5177E+17,1927,PARP1#142#poly [ADP-ribose] polymerase 1 [Homo sapiens],0,219.241,0,39,31,239,31,31,1,1014,113,8.88,1045,363.46,38,37,116,123,30,27,0,3827,4577.5,4228.3,3690.5,4586.5,4317,3667.7,4366.4,4159.9,3595.7,4243.8,4026,3615.819835,4049.594937,3901.781579,3608.410767,4201.367959,4066.045726,3592.740438,4062.036371,3845.89295,3595.7,3937.184329,3782.855733
NP_001677.2,FALSE,High,Master Protein,2.40205E+18,2733,"ATP5F1B#506#ATP synthase subunit beta, mitochondrial precursor [Homo sapiens]",0,423.896,0,74,26,1198,26,26,1,529,56.5,5.4,9795,2263.29,74,74,564,634,26,26,0,13484.6,13089.5,19032.4,14233.8,14027.7,20355.9,15386.7,15083.1,22388.7,15711.4,15246.9,22489.6,12740.49756,11579.93947,17562.67714,13917.19203,12849.78291,19172.57822,15072.23036,14031.71968,20698.70513,15711.4,14145.30745,21131.37414
NP_001753.1,FALSE,High,Master Protein,3.26921E+18,2938,CCT6A#908#T-complex protein 1 subunit zeta isoform a [Homo sapiens],0,193.951,0,43,19,299,1,19,1,531,58,6.68,1944,481.72,43,38,147,152,19,16,0,4433.5,6609.3,7874.3,4491.8,6688.1,7998.8,4164.4,6306.9,7491.6,3887.8,5798.2,7035.6,4188.852166,5847.075438,7266.229617,4391.887138,6126.494941,7533.816667,4079.289004,5867.272167,6926.101979,3887.8,5379.278519,6610.695429
NP_001888.2,FALSE,High,Master Protein,4.81588E+18,3329,CSPG4#1464#chondroitin sulfate proteoglycan 4 precursor [Homo sapiens],0,365.524,0,29,48,440,48,48,1,2322,250.4,5.47,2536,719.37,29,29,209,231,48,46,0,4904.8,5581.9,5076.6,4686.8,5419.2,4944.5,4756,5402.1,4978.3,4654.1,5294.6,4895.3,4634.145055,4938.161437,4684.574029,4582.549676,4964.14548,4657.068124,4658.798027,5025.542021,4602.516616,4654.1,4912.063752,4599.655656
NP_001952.1,FALSE,High,Master Protein,3.81914E+18,3072,EEF2#1938#elongation factor 2 [Homo sapiens],0,587.683,0,67,51,1910,50,50,1,858,95.3,6.83,11039,3019.65,67,66,895,1015,51,48,1,41114.4,41922.4,40417.8,40476.7,37942.9,40476.7,37942.9,38592.7,36833.4,33829,34805.5,33419.2,38845.63967,37087.65457,37296.65055,39576.36095,34756.80461,38123.7232,37167.43222,35902.563,34053.05738,33829,32290.79343,31400.89725
NP_002037.2,FALSE,High,Master Protein,5.6232E+17,2291,GAPDH#2597#glyceraldehyde-3-phosphate dehydrogenase isoform 1 [Homo sapiens],0,436.172,0,87,25,2074,1,25,1,335,36,8.46,10417,3135.03,83,87,916,1158,24,24,0,38264.4,37286.9,43240,36867.9,36404.2,41705.2,34335.1,33755.6,37944.1,34229.8,33346.6,38731.4,36152.90737,32986.74854,39900.9142,36047.8329,33347.31047,39280.80848,33633.36756,31402.63717,35079.91699,34229.8,30937.29934,36392.27485
NP_002131.2,FALSE,High,Master Protein,-1.57645E+18,1782,HNRNPK#3190#heterogeneous nuclear ribonucleoprotein K isoform a [Homo sapiens],0,286.996,0,65,28,966,0,2,1,464,51,5.33,4760,1452,65,65,454,512,28,27,30,15473.4,14622.4,11865.6,16157.6,14812.5,12283.3,15842.1,14782.5,12263.5,16177.9,15013.2,12386.8,14619.55229,12936.05615,10949.31285,15798.20019,13568.68263,11569.25167,15518.32301,13752.07325,11337.79855,16177.9,13928.49233,11638.71768
NP_002145.3,FALSE,High,Master Protein,-6.13397E+17,2000,HSPA4#3308#heat shock 70 kDa protein 4 [Homo sapiens],0,347.09,0,64,45,476,42,43,1,840,94.3,5.19,2399,641.1,63,57,231,245,44,38,2,8359.2,8943.2,7419.6,8227.9,8757.7,7392.3,7868.7,8431.5,7030.5,7635.4,8258,6704.5,7897.925572,7911.815935,6846.642529,8044.883606,8022.308988,6962.573505,7707.88142,7843.775116,6499.80778,7635.4,7661.357319,6299.59172
NP_002147.2,FALSE,High,Master Protein,5.61948E+18,3531,"HSPD1#3329#60 kDa heat shock protein, mitochondrial [Homo sapiens]",0,759.032,0,80,45,3141,45,45,1,573,61,5.87,20006,4787.05,80,74,1574,1567,45,38,0,41421.1,37822.5,37850.5,40232.7,47379.7,40232.7,47379.7,43175.4,42221.9,48933.8,44728.6,43993.4,39135.41546,33460.5799,34927.60298,39337.78834,43401.18903,37893.90731,46411.3652,40165.82199,39034.81034,48933.8,41496.94684,41336.48421
NP_002215.2,FALSE,High,Master Protein,-2.24522E+18,1629,"ITPR3#3710#inositol 1,4,5-trisphosphate receptor type 3 [Homo sapiens]",0,220.021,0,24,42,184,0,37,1,2671,303.9,6.48,659,263.01,23,24,87,97,40,41,5,2744.9,3048.6,2919.6,2666.3,2935.2,2885.4,2834.9,3138,3000.3,2967.4,3201.1,3116.9,2593.431896,2697.016958,2694.142208,2606.992447,2688.728929,2717.666977,2776.961002,2919.263039,2773.824519,2967.4,2969.81968,2928.659472
NP_002256.2,FALSE,High,Master Protein,-7.23831E+18,434,KPNB1#3837#importin subunit beta-1 isoform 1 [Homo sapiens],0,350.959,0,62,34,508,6,34,1,876,97.1,4.78,2799,865.18,61,62,228,280,33,34,0,6505,7408.4,9721.7,6499.3,7449.9,9734.9,6043.4,6811.5,9233,5636.6,6380.8,8581.8,6146.043383,6554.01838,8970.969416,6354.733531,6824.325991,9168.994333,5919.886458,6336.698595,8536.053657,5636.6,5919.785515,8063.514985
NP_002464.1,FALSE,High,Master Protein,2.96228E+18,2863,MYH9#4627#myosin-9 [Homo sapiens],0,694.687,0,44,79,1406,66,66,1,1960,226.4,5.6,10014,2405.05,44,38,701,705,78,62,13,18645.4,17893.2,15199.7,15546.7,17064.8,15546.7,17064.8,16339.7,13878.9,16600.8,15822.8,13383.8,17616.51611,15829.64765,14025.94647,15200.88868,15631.85522,14642.94489,16716.03376,15200.7273,12831.26125,16600.8,14679.59852,12575.50536
NP_002511.1,FALSE,High,Master Protein,4.75128E+18,3308,NPM1#4869#nucleophosmin isoform 1 [Homo sapiens],0,353.547,0,69,23,1981,0,23,1,294,32.6,4.78,6657,2619,69,69,1017,964,23,19,0,38142.7,36961.7,32207,42404.5,40872.8,35887.2,43473.3,41374.7,36381.5,43406,41653.9,36799.9,36037.92297,32699.05258,29719.90619,41461.28014,37440.67858,33801.01834,42584.80325,38490.64132,33635.26872,43406,38644.39472,34577.42491
NP_002620.1,FALSE,High,Master Protein,-7.57518E+18,371,PGAM1#5223#phosphoglycerate mutase 1 isoform 1 [Homo sapiens],0,255.741,0,81,20,512,5,14,1,254,28.8,7.18,2100,887.95,81,81,235,277,20,18,8,7371.4,7171.1,7705,6848.9,6570.3,7144.8,6772.6,6495.7,6912.2,6870.9,6627.7,7115.1,6964.634003,6344.085255,7110.003328,6696.557241,6018.5867,6729.461085,6634.183246,6042.911702,6390.43757,6870.9,6148.846925,6685.394145
NP_002769.1,FALSE,High,Master Protein,8.3873E+18,4172,PSAP#5660#prosaposin isoform a preproprotein [Homo sapiens],0,199.086,0,51,20,608,1,20,1,524,58.1,5.17,3039,911.24,48,50,285,323,19,19,0,9813.8,11279.7,11677.8,8142.5,8797.4,9469.5,8570.8,9534.8,10167.9,12770.2,13364.6,14603.8,9272.258347,9978.856584,10776.01517,7961.383191,8058.675348,8919.02247,8395.632071,8870.16865,9400.383405,12770.2,12399.00412,13721.82527
NP_002798.2,FALSE,High,Master Protein,-4.59589E+18,1073,PSMD1#5707#26S proteasome non-ATPase regulatory subunit 1 isoform 1 [Homo sapiens],0,223.629,0,34,23,281,0,23,1,953,105.8,5.39,1863,456.62,32,32,134,147,22,22,0,2701.1,2671.6,3765.5,2720.7,2677.2,3826,2671,2589.9,3666.4,2509.5,2495,3570.8,2552.048852,2363.494885,3474.719991,2660.182407,2452.393394,3603.588359,2616.410751,2409.368816,3389.644441,2509.5,2314.735591,3355.146858
NP_002799.3,FALSE,High,Master Protein,-5.90368E+18,760,PSMD2#5708#26S proteasome non-ATPase regulatory subunit 2 isoform 1 [Homo sapiens],0,192.97,0,36,24,191,2,24,1,908,100.1,5.2,1139,336.57,36,35,92,99,24,23,0,3814.8,2651.9,2939.3,3950.8,2758.2,3107.3,3701.5,2644.8,3027.9,3631,2577.8,2933.6,3604.293051,2346.066808,2712.320932,3862.920812,2526.591759,2926.667566,3625.849642,2460.441965,2799.341153,3631,2391.553269,2756.429602
NP_002853.2,FALSE,High,Master Protein,-8.21082E+18,240,"PYGB#5834#glycogen phosphorylase, brain form [Homo sapiens]",0,600.892,0,74,70,1503,58,58,1,843,96.6,6.86,9868,2428.34,74,73,734,769,67,61,12,23078.4,23828,28023.9,29660,23143.9,29660,23143.9,24146.6,28292.2,21546.6,22314.3,26312.5,21804.89586,21080.01052,25859.83417,29000.26103,21200.48837,27935.81567,22670.89059,22463.44069,26156.5837,21546.6,20702.08593,24723.3958
NP_002878.2,FALSE,High,Master Protein,1.73479E+18,2589,"RARS1#5917#arginine--tRNA ligase, cytoplasmic [Homo sapiens]",0,232.408,0,48,32,369,32,32,1,660,75.3,6.68,1924,502.87,43,48,182,187,30,30,0,8565,8484.3,5988.2,8613.9,8433.8,6025.7,8251.1,7938.5,5693.1,7902.8,7614.5,5423.4,8092.369189,7505.839066,5525.778316,8422.297657,7725.607128,5675.416199,8082.466022,7385.1401,5263.360454,7902.8,7064.350364,5095.861844
NP_002941.1,FALSE,High,Master Protein,2.56463E+18,2773,RPN1#6184#dolichyl-diphosphooligosaccharide--protein glycosyltransferase subunit 1 precursor [Homo sapiens],0,204.133,0,44,24,554,24,24,1,607,68.5,6.38,3336,870.25,44,44,266,288,24,24,0,8126.3,8218,9951,8059.7,8101.2,9629.9,8928,9131.8,10955.1,8898.4,8889.7,11082.2,7677.877377,7270.250397,9182.562377,7880.424944,7420.935814,9070.098155,8745.531704,8495.260108,10128.16218,8898.4,8247.416827,10412.90706
NP_003277.1,FALSE,High,Master Protein,9.12497E+18,4351,TOP1#7150#DNA topoisomerase 1 [Homo sapiens],0,225.761,0,45,36,512,32,36,1,765,90.7,9.31,1266,545.38,45,41,247,265,35,31,0,7124,8225.4,8121.2,7090.9,8189.9,7895.8,7478.1,8432.9,8109.6,7510.4,8526.6,8411.5,6730.885943,7276.796984,7494.063468,6933.174341,7502.187604,7436.804226,7325.264408,7845.077527,7497.452695,7510.4,7910.550898,7903.5
NP_003283.2,FALSE,High,Master Protein,7.44937E+18,3957,TPR#7175#nucleoprotein TPR [Homo sapiens],0,326.889,0,24,52,345,51,52,1,2363,267.1,5.02,1616,465.73,24,22,173,172,51,45,0,5183.3,6533.9,4461.3,5338.5,6821.9,4638.4,5657.6,7301.7,5021.4,5574.7,7131.8,4876,4897.276966,5780.371024,4116.788818,5219.753659,6249.059649,4368.762218,5541.971345,6792.728786,4642.363244,5574.7,6616.525566,4581.521251
NP_003290.1,FALSE,High,Master Protein,-8.29308E+18,219,HSP90B1#7184#endoplasmin precursor [Homo sapiens],0,540.241,0,71,59,2457,57,57,1,803,92.4,4.84,10608,3401.53,71,63,1165,1292,59,51,2,43212.6,42647.5,44596.5,41138.6,47689.6,41138.6,47689.6,46625.5,49971,44645.9,43807.9,46562.3,40828.05754,37729.13164,41152.66235,40223.53805,43685.06648,38747.14587,46714.93154,43375.42984,46198.97512,44645.9,40642.76765,43750.23932
NP_003312.3,FALSE,High,Master Protein,-4.53556E+18,1089,"TUFM#7284#elongation factor Tu, mitochondrial isoform 1 precursor [Homo sapiens]",0,303.297,0,65,27,891,4,27,1,455,49.8,7.61,6162,1373.12,65,63,440,451,27,24,0,11191.8,9032.8,11415.5,11355.3,9342,11904.2,12326.3,9930.3,12615.2,12788.8,10377.2,13326.6,10574.21804,7991.08272,10533.97054,11102.71963,8557.544854,11212.18937,12074.37807,9238.099986,11662.95073,12788.8,9627.444559,12521.75986
NP_003671.1,FALSE,High,Master Protein,4.44599E+18,3240,"YARS1#8565#tyrosine--tRNA ligase, cytoplasmic [Homo sapiens]",0,192.201,0,61,29,281,13,29,1,528,59.1,7.05,1140,399.91,61,56,139,142,29,26,0,5654.1,5405.5,5310.6,6100.1,5748.7,5462.7,5958.7,5562.7,5316.7,5298.9,5028.4,4758.4,5342.097447,4782.104955,4900.504046,5964.413092,5265.977104,5145.14431,5836.917536,5174.947262,4915.372737,5298.9,4665.096772,4471.023527
NP_003741.1,FALSE,High,Master Protein,6.10273E+18,3647,EIF3A#8661#eukaryotic translation initiation factor 3 subunit A [Homo sapiens],0,235.486,0,25,30,388,30,30,1,1382,166.5,6.79,2117,611.25,24,24,187,201,29,28,0,4593.5,5199.5,7224.9,4450.3,4949.2,7091.7,4130.6,4559.5,6550.1,4118.9,4548.4,6379.8,4340.023102,4599.862125,6666.977682,4351.310238,4533.611752,6679.447875,4046.1798,4241.676171,6055.670427,4118.9,4219.776899,5994.501492
NP_003861.1,FALSE,High,Master Protein,8.70548E+18,4242,IQGAP1#8826#ras GTPase-activating-like protein IQGAP1 [Homo sapiens],0,419.852,0,47,51,467,48,51,1,1657,189.1,6.48,2190,785.35,47,46,232,235,51,48,0,5029.2,5023.5,4087.8,5019.1,5076.6,4206.3,4710.1,4613.7,3786.1,4450.5,4454.1,3666.6,4751.680458,4444.159512,3772.131292,4907.458198,4650.313873,3961.780898,4613.83612,4292.098114,3500.308973,4450.5,4132.290099,3445.16116
NP_004030.1,FALSE,High,Master Protein,3.61995E+17,2232,ANXA2#302#annexin A2 isoform 2 [Homo sapiens],0,329.371,0,78,32,1609,1,32,1,339,38.6,7.75,12059,2648.59,78,75,796,813,32,28,0,30961.4,31073.3,26393.6,32972.8,33025.1,28247,31841.7,31657.5,26640.8,31716.3,31596.1,27101.9,29252.89894,27489.73858,24355.42944,32239.37313,30251.95617,26604.95567,31190.92707,29450.78702,24629.83843,31716.3,29313.27343,25465.12116
NP_004035.2,FALSE,High,Master Protein,3.85102E+18,3078,ATIC#471#bifunctional purine biosynthesis protein PURH [Homo sapiens],0,246.432,0,61,28,334,0,28,1,592,64.6,6.71,1530,531.35,61,57,157,177,28,25,0,4300.3,4527,4674.6,4327.3,4656.6,4853.8,4077.5,4383.3,4419.6,3792.9,3955.8,4086.7,4063.002361,4004.918903,4313.617334,4231.046175,4265.581606,4571.640664,3994.165045,4077.758342,4085.989683,3792.9,3669.992405,3839.889847
NP_004037.1,FALSE,High,Master Protein,2.3995E+18,2732,"ATP5F1A#498#ATP synthase subunit alpha, mitochondrial isoform a precursor [Homo sapiens]",0,345.788,0,61,34,1673,0,34,1,553,59.7,9.13,11319,2590.07,61,61,771,902,34,34,0,21845.4,21373.3,18019.4,22120.1,21896.4,18675.6,23192.4,23499.9,20028.9,23731.8,23836.6,20252.6,20639.93484,18908.40141,16627.90317,21628.07397,20057.74193,17589.95681,22718.39936,21861.81947,18517.03293,23731.8,22114.39935,19029.47442
NP_004095.4,FALSE,High,Master Protein,-6.25237E+18,666,FASN#2194#fatty acid synthase [Homo sapiens],0,460.858,0,37,66,586,66,66,1,2511,273.3,6.44,3291,920.07,36,36,282,304,64,65,0,7779.3,7821.3,9231.6,8391.3,6929.1,8391.3,6929.1,6829.3,8071,6986.8,7086.3,8126.4,7350.025409,6919.300247,8518.715992,8204.649036,6347.25798,7903.5,6787.484737,6353.25783,7461.766388,6986.8,6574.312953,7635.618189
NP_004125.3,FALSE,High,Master Protein,5.56161E+18,3519,"HSPA9#3313#stress-70 protein, mitochondrial precursor [Homo sapiens]",0,378.739,0,65,39,924,38,38,1,679,73.6,6.16,5979,1408.76,65,63,440,484,39,37,0,12778.5,12202.8,13454,13763.1,13170.3,14688,14882.6,14352.7,16239.8,14654.2,14040.2,15767.4,12073.36132,10795.49909,12415.05318,13456.96199,12064.37947,13834.16253,14578.43304,13352.23283,15013.95041,14654.2,13025.79184,14815.15139
NP_004238.3,FALSE,High,Master Protein,8.42826E+18,4184,EFTUD2#9343#116 kDa U5 small nuclear ribonucleoprotein component isoform a [Homo sapiens],0,309.233,0,59,43,385,0,42,1,972,109.4,5,2416,645.05,59,59,184,201,43,42,0,4395.6,3658.8,5400.9,4425.6,3719.2,5365.5,4638.5,3827.4,5609.2,4564,3788.1,5567.1,4153.04355,3236.844993,4983.830885,4327.15965,3406.895828,5053.594705,4543.699463,3560.607825,5185.793585,4564,3514.408775,5230.883297
NP_004334.1,FALSE,High,Master Protein,8.6104E+18,4223,CALR#811#calreticulin precursor [Homo sapiens],0,392.637,0,77,27,1724,27,27,1,417,48.1,4.44,6129,2200.6,77,69,837,887,27,21,0,26041.2,26690.9,25986.6,24651.4,25077.4,24576,28031.4,29212.5,28573.1,27947.1,29155.7,28071.7,24604.20368,23612.74353,23979.85885,24103.06928,22971.63084,23147.35691,27458.50105,27176.21782,26416.28016,27947.1,27049.19297,26376.35154
NP_004437.2,FALSE,High,Master Protein,1.15614E+18,2441,EPRS1#2058#bifunctional glutamate/proline--tRNA ligase [Homo sapiens],0,359.252,0,39,49,495,19,49,1,1512,170.5,7.33,2006,754.29,39,37,238,257,49,45,0,7560.6,8605.7,7106.4,7786.6,8911.9,7307.4,7449.3,8549.8,6898.1,6866.3,8042.2,6498.8,7143.393635,7613.238482,6557.628507,7613.399614,8163.560692,6882.608881,7297.053015,7953.828913,6377.401899,6866.3,7461.148926,6106.314664
NP_004484.1,FALSE,High,Master Protein,2.92183E+18,2851,HSD17B10#3028#3-hydroxyacyl-CoA dehydrogenase type-2 isoform 1 [Homo sapiens],0,210.402,0,72,13,354,3,13,1,261,26.9,7.78,2866,617.76,72,72,165,189,13,13,0,3545.1,4405.7,5429.6,3421.8,4456.1,5353.7,3568.3,4587,5760.1,3722.2,4700.8,5873.1,3349.475541,3897.607955,5010.31461,3345.687566,4081.91775,5042.480659,3495.371951,4267.259261,5325.303007,3722.2,4361.165958,5518.402883
NP_004492.2,FALSE,High,Master Protein,-4.13709E+18,1172,HNRNPU#3192#heterogeneous nuclear ribonucleoprotein U isoform b [Homo sapiens],0,322.883,0,50,39,1083,1,1,1,806,88.9,5.78,3574,1465.98,50,47,529,554,39,33,0,54.2,312.2,0,75.5,312,0,81,307.8,0,75.2,275,0,51.2091547,276.1952025,0,73.820624,285.8011127,0,79.34454167,286.344539,0,75.2,255.1311774,0
NP_004719.2,FALSE,High,Master Protein,-7.74085E+18,334,DDX21#9188#nucleolar RNA helicase 2 isoform 1 [Homo sapiens],0,218.682,0,39,27,261,0,26,1,783,87.3,9.28,1216,400.82,39,37,122,139,27,25,1,3863.8,3523.4,2923.7,3897.7,3524.2,3124.2,4089.7,3736.4,3282.6,4002.5,3656.7,3194.7,3650.58915,3117.060142,2697.925597,3811.001936,3228.270132,2942.585142,4006.115704,3475.951058,3034.815307,4002.5,3392.502459,3001.760857
NP_004784.2,FALSE,High,Master Protein,8.3753E+18,4169,"LONP1#9361#lon protease homolog, mitochondrial isoform 1 precursor [Homo sapiens]",0,363.901,0,56,39,512,0,39,1,959,106.4,6.39,2204,800.02,56,54,244,268,38,35,0,6718.9,7070.3,6713,6986,7393.6,7124.2,7861.4,8253.2,7843.5,7953.6,8560.5,8273.4,6348.140028,6254.910122,6194.607701,6830.607673,6772.753547,6710.058596,7700.730616,7677.903669,7251.439062,7953.6,7942.001614,7773.740344
NP_004902.1,FALSE,High,Master Protein,-7.57652E+18,370,PDIA4#9601#protein disulfide-isomerase A4 isofrom 2 precursor [Homo sapiens],0,384.678,0,58,45,1082,0,45,1,645,72.9,5.07,3876,1415.05,58,57,524,558,45,41,0,18962,18944.2,15603.5,17322.9,17417.5,14315.3,17994.7,18413.7,15060.3,18427.1,18491.1,15043.1,17915.6456,16759.43996,14398.56417,16937.57997,15954.93872,13483.12819,17626.92869,17130.15737,13923.48412,18427.1,17155.11314,14134.59441
NP_004915.2,FALSE,High,Master Protein,3.4537E+18,2984,ACTN4#81#alpha-actinin-4 isoform 1 [Homo sapiens],0,640.574,0,77,63,1668,0,45,1,911,104.8,5.44,9286,2520.79,77,72,821,847,63,58,20,27908.4,29233.9,25519.7,24989.9,31759.5,24989.9,31759.5,33438.7,28342.9,32756.3,34752.4,29715.2,26368.36851,25862.46935,23549.01388,24434.03989,29092.62961,23537.19622,31110.40705,31107.82695,26203.45664,32756.3,32241.52992,27920.5948
NP_005091.2,FALSE,High,Master Protein,-8.2011E+18,243,AKAP12#9590#A-kinase anchor protein 12 isoform 1 [Homo sapiens],0,663.494,0,58,73,993,0,73,1,1782,191.4,4.41,4550,1615.71,56,54,452,541,71,64,0,12800.6,13270.7,10591,10626.9,12149,10626.9,12149,12740.3,9978.5,13529.6,14234.2,11062,12094.2418,11740.24239,9773.1402,10390.52171,11128.83884,10009.14091,11900.70169,11852.22654,9225.280127,13529.6,13205.77529,10393.927
NP_005262.1,FALSE,High,Master Protein,-3.77987E+18,1248,"GLUD1#2746#glutamate dehydrogenase 1, mitochondrial isoform a precursor [Homo sapiens]",0,274.65,0,55,28,738,1,28,1,558,61.4,7.8,3695,1136.35,55,54,339,399,27,27,0,16215.8,13916,10100.4,16880.4,14388.6,10403.7,18077.2,15774.1,10983.2,18603.7,16068.5,11514,15320.98544,12311.12248,9320.425387,16504.92267,13180.37785,9798.915895,17707.74258,14674.55293,10154.14107,18603.7,14907.54663,10818.62914
NP_005304.3,FALSE,High,Master Protein,1.54778E+18,2537,PDIA3#2923#protein disulfide-isomerase A3 precursor [Homo sapiens],0,359.278,0,63,39,1151,39,39,1,505,56.7,6.35,5767,1570.94,62,62,559,592,38,33,0,21614.7,18837.8,24467,20182,17506.3,22756.9,22094,19655.5,25273.4,21903.7,19363,25165.7,20421.96524,16665.31065,22577.60563,19733.08389,16036.28211,21434.00417,21642.44819,18285.39664,23365.65564,21903.7,17964.01814,23645.85507
NP_005337.2,FALSE,High,Master Protein,2.74995E+18,2815,HSPA1B#3304#heat shock 70 kDa protein 1B [Homo sapiens],0,318.307,0,71,36,842,17,29,1,641,70,5.66,3813,1095.92,71,68,396,446,36,34,0,4162.1,5041.8,5582.3,4905.3,6038.5,6844.9,4059.5,5109.3,5661.7,3820.6,4657.5,5095.5,3932.428465,4460.349045,5151.222787,4796.189496,5531.442368,6446.994762,3976.532925,4753.151894,5234.33066,3820.6,4320.994395,4787.764875
NP_005338.1,FALSE,High,Master Protein,6.82896E+17,2325,HSPA5#3309#endoplasmic reticulum chaperone BiP precursor [Homo sapiens],0,616.093,0,73,52,2721,48,49,1,654,72.3,5.16,13276,3993.22,72,73,1274,1447,51,46,3,40084.7,38870.6,39767.4,40241.5,46518.1,40241.5,46518.1,45712.7,46483.6,41136.6,40907.6,41797.7,37872.76021,34387.80666,36696.47584,39346.39259,42611.93826,37902.19576,45567.37437,42526.25734,42974.81899,41136.6,37952.0151,39273.39023
NP_005339.3,FALSE,High,Master Protein,-7.06501E+18,479,HSP90AA1#3320#heat shock protein HSP 90-alpha isoform 2 [Homo sapiens],0,502.605,0,70,50,2948,1,32,1,732,84.6,5.02,10321,4657,70,59,1377,1571,50,39,0,12065.9,15517.2,14442.3,14112.3,11457.6,14112.3,11457.6,14410.9,13268.6,10457.1,13310.3,12337.8,11400.08376,13727.66238,13327.03453,13798.3946,10495.49624,13291.92891,11223.43235,13406.37595,12267.0293,10457.1,12348.62731,11592.67697
NP_005372.2,FALSE,High,Master Protein,3.60245E+18,3023,NCL#4691#nucleolin [Homo sapiens],0,331.565,0,44,46,1393,46,46,1,710,76.6,4.7,5660,1675.31,44,43,671,722,46,38,0,33565.2,31611.3,30030.1,35616.8,33661.5,32571.9,35260.9,33846.4,32110.7,35532.5,33881.2,32360.1,31713.01696,27965.69316,27711.11109,34824.5616,30834.91716,30678.44215,34540.24629,31487.10788,29686.84698,35532.5,31433.27435,30405.76001
NP_005403.2,FALSE,High,Master Protein,-4.63E+18,1063,"SHMT2#6472#serine hydroxymethyltransferase, mitochondrial isoform 1 precursor [Homo sapiens]",0,230.6,0,58,23,682,0,22,1,504,56,8.53,4633,1161.6,58,58,327,355,23,23,1,6292.9,6332.9,8155,6282,6349.8,8320.5,6613.4,6730.7,8722.4,6731.5,7013.6,8944.6,5945.64741,5602.551563,7525.25336,6142.26702,5816.60226,7836.81572,6478.236937,6261.530827,8063.995929,6731.5,6506.865548,8404.40422
NP_005498.1,FALSE,High,Master Protein,-1.5389E+18,1789,CFL1#1072#cofilin-1 [Homo sapiens],0,240.908,0,80,19,929,14,14,1,166,18.5,8.09,4573,1376.12,80,69,458,471,18,13,6,20049.9,24535.2,22095.3,20487.4,25034.8,22507.3,18823,22886.1,20513.3,17981.1,22218,19860.2,18943.51348,21705.65193,20389.05341,20031.69076,22932.608,21198.91382,18438.3001,21290.80492,18964.86835,17981.1,20612.74363,18660.77283
NP_005557.1,FALSE,High,Master Protein,2.72668E+18,2810,LDHA#3939#L-lactate dehydrogenase A chain isoform 1 [Homo sapiens],0,304.502,0,63,27,1333,0,25,1,332,36.7,8.27,10411,2179.66,63,62,652,681,27,23,2,29121.1,27689.7,24542.9,23964.1,23073.3,20787.6,25496.7,24087.2,21328.9,29716.7,28514.3,24539.3,27514.14972,24496.35586,22647.64447,23431.05716,21135.81671,19579.1828,24975.60464,22408.18122,19718.90337,29716.7,26454.13429,23057.28557
NP_005564.1,FALSE,High,Master Protein,-2.84715E+18,1486,LMNB1#4001#lamin-B1 isoform 1 [Homo sapiens],0,324.508,0,58,40,601,20,35,1,586,66.4,5.16,2674,830.01,58,53,322,279,40,32,3,11148.2,11824.9,10818.4,12058.2,12484.7,11302.5,12818,13540.8,12207.6,12753.6,13816.4,12333.2,10533.02396,10461.18081,9982.979883,11789.98475,11436.34984,10645.46718,12556.02883,12596.92701,11286.11812,12753.6,12818.16145,11588.35478
NP_005900.2,FALSE,High,Master Protein,-6.01788E+18,729,MAP1B#4131#microtubule-associated protein 1B isoform 1 [Homo sapiens],0,347.486,0,30,52,360,6,52,1,2468,270.5,4.81,1330,483.1,29,27,178,182,51,48,0,6874,7086.8,4612.1,6407.6,6486.9,4317.3,6326.1,6688.8,4285.3,6224.5,6389,4148.7,6494.681355,6269.507242,4255.943718,6265.07325,5942.189864,4066.328286,6196.808704,6222.551503,3961.827221,6224.5,5927.393063,3898.14545
NP_005909.2,FALSE,High,Master Protein,-2.26299E+18,1626,"MDH2#4191#malate dehydrogenase, mitochondrial isoform 1 precursor [Homo sapiens]",0,262.31,0,78,20,762,0,20,1,338,35.5,8.68,6628,1372.6,78,78,357,405,20,20,0,14605.1,12634.2,14261.2,15296.3,13158,14800,16765.1,14635.9,16613.9,17525.6,14917.1,16844.8,13799.16652,11177.14743,13159.91946,14956.05842,12053.11231,13939.65178,16422.45896,13615.69213,15359.81175,17525.6,13839.33559,15827.48342
NP_005959.2,FALSE,High,Master Protein,5.7786E+18,3564,HNRNPM#4670#heterogeneous nuclear ribonucleoprotein M isoform a [Homo sapiens],0,247.012,0,56,33,422,0,33,1,730,77.5,8.7,3048,547.19,56,54,221,201,33,30,0,9382,9918,11364.2,9891.6,10573.9,12059.8,9558,10189.6,11675.5,9869.5,10531.5,12186.8,8864.285783,8774.196087,10486.63203,9671.577277,9686.001234,11358.74409,9362.655917,9479.325259,10794.18331,9869.5,9770.596343,11450.79639
NP_005989.3,FALSE,High,Master Protein,6.94235E+18,3826,CCT3#7203#T-complex protein 1 subunit gamma isoform a [Homo sapiens],0,267.93,0,70,34,371,2,34,1,545,60.5,6.49,2191,591.58,70,61,188,183,34,28,0,7371.3,7115.1,9402.9,7387.9,6986.2,9177.7,6955.4,6564.8,8491.9,6510,6049,7757.3,6964.539521,6294.543515,8676.787838,7223.568054,6399.563248,8644.185281,6813.247224,6107.195028,7850.895055,6510,5611.958152,7288.809434
NP_005991.1,FALSE,High,Master Protein,8.95742E+18,4306,TUBA4A#7277#tubulin alpha-4A chain isoform 1 [Homo sapiens],0,219.036,0,51,20,581,0,2,1,448,49.9,5.06,3737,972.71,51,51,245,336,20,20,0,1059.2,1175.4,1217.5,765.9,850.9,826.2,709.7,787.3,774.5,829.2,941.3,988.6,1000.751599,1039.845743,1123.482031,748.8637871,779.4492524,778.1716421,695.1953237,732.4205834,716.0374263,829.2,873.2908264,928.8949771
NP_006000.2,FALSE,High,Master Protein,-8.06881E+17,1963,TUBA1A#7846#tubulin alpha-1A chain isoform 1 [Homo sapiens],0,282.481,0,75,26,1313,0,2,1,451,50.1,5.06,11045,2246.44,75,75,595,718,26,26,3,1050.5,933.1,1350,800.3,704.2,1158.1,849.8,678.9,1229,900.9,818.3,1278.7,992.5316792,825.4892487,1245.750096,782.4986144,645.0677677,1090.777752,832.431994,631.5766976,1136.229822,900.9,759.1776089,1201.47482
NP_006077.2,FALSE,High,Master Protein,-6.49693E+18,616,TUBB3#10381#tubulin beta-3 chain isoform 1 [Homo sapiens],0,287.567,0,62,24,924,2,9,1,450,50.4,4.93,5568,1428.13,62,62,459,465,24,22,2,1841.5,3207.4,2245.9,1413.3,2577.3,1841.4,1431.4,2659.8,1731.5,1556.9,2873.5,1909.5,1739.882996,2837.503179,2072.466771,1381.863416,2360.882076,1734.356405,1402.145394,2474.396377,1600.798972,1556.9,2665.888866,1794.178595
NP_006079.1,FALSE,High,Master Protein,6.67439E+18,3776,TUBB4B#10383#tubulin beta-4B chain [Homo sapiens],0,400.997,0,82,28,1310,1,1,1,445,49.8,4.89,5848,2102.48,82,82,626,684,28,26,34,23147,22509.1,26396.4,17559.9,16927.3,19976.9,17505.4,16737.1,19791.3,19479.5,18797.2,22156.6,21869.7104,19913.21407,24358.01322,17169.30828,15505.9012,18815.61011,17147.62889,15570.4262,18297.368,19479.5,17439.09734,20818.48518
NP_006280.3,FALSE,High,Master Protein,-4.61529E+18,1068,TLN1#7094#talin-1 [Homo sapiens],0,729.643,0,49,84,855,77,77,1,2541,269.6,6.07,4844,1506.59,49,46,421,434,84,77,7,10635.5,10911.5,11777.8,11808.4,9745.8,11808.4,9745.8,9883,10795.3,9236.2,9531.4,10443.2,10048.61559,9653.119641,10868.29295,11545.74115,8927.437448,11121.95839,9546.617706,9194.097073,9980.424568,9236.2,8842.753833,9812.498508
NP_006363.4,FALSE,High,Master Protein,-5.15523E+17,2018,SYNCRIP#10492#heterogeneous nuclear ribonucleoprotein Q isoform 1 [Homo sapiens],0,321.366,0,49,32,757,0,1,1,623,69.6,8.59,4204,1245.87,49,47,352,405,32,28,34,15377.9,11467.4,11192.4,15865.2,11941.3,11664.7,15570.3,11532.6,11415.5,15492.8,11617.6,11426.2,14529.32214,10144.90988,10328.0988,15512.30416,10938.57957,10986.6119,15252.07799,10728.7103,10553.80922,15492.8,10778.22533,10736.13169
NP_006383.2,FALSE,High,Master Protein,4.93605E+18,3365,NOP56#10528#nucleolar protein 56 [Homo sapiens],0,234.771,0,61,27,405,27,27,1,594,66,9.19,2557,655.71,61,54,206,199,27,24,0,6548,5965.5,5849,6897.9,6227.3,6225.6,7355.9,6824.4,6437.4,7109.4,6641.7,6452.3,6186.670572,5277.522359,5397.32764,6744.467315,5704.388682,5863.695685,7205.561902,6348.699389,5951.477506,7109.4,6161.835421,6062.622963
NP_006420.1,FALSE,High,Master Protein,-8.01291E+18,277,CCT7#10574#T-complex protein 1 subunit eta isoform a [Homo sapiens],0,237.581,0,69,31,343,2,31,1,543,59.3,7.65,1774,518.94,69,67,171,172,31,27,0,5071.6,5988.8,6082,5114.7,6138.2,6064.5,4776.7,5705.5,5612,4512.1,5397.3,5345,4791.740756,5298.135262,5612.334878,5000.93173,5622.77048,5711.960691,4679.074965,5307.793266,5188.382229,4512.1,5007.343649,5022.196695
NP_006421.2,FALSE,High,Master Protein,-7.2246E+18,438,CCT4#10575#T-complex protein 1 subunit delta isoform a [Homo sapiens],0,250.018,0,63,28,393,2,27,1,539,57.9,7.83,2610,661.72,63,59,188,205,28,27,0,5979.3,6794,6562,5743.1,6581.3,6212.5,5332.4,5990.5,5730.3,5042.1,5659.1,5416.1,5649.352375,6010.474714,6055.268246,5615.353983,6028.663022,5851.357209,5223.417704,5572.927098,5297.752439,5042.1,5250.22853,5089.002717
NP_006422.1,FALSE,High,Master Protein,3.00271E+18,2869,CCT2#10576#T-complex protein 1 subunit beta isoform 1 [Homo sapiens],0,310.06,0,72,31,602,2,31,1,535,57.5,6.46,5361,979.8,72,70,292,310,30,28,0,9849.3,8518.4,8790.3,9746,8495,8681.5,9158.9,8054.6,8194.5,8847,7753.1,7889.8,9305.799399,7536.006447,8111.494127,9529.215914,7781.668115,8176.830199,8971.712626,7493.147251,7575.94408,8847,7192.936477,7413.307294
NP_006576.2,FALSE,High,Master Protein,-1.03482E+18,1903,CCT8#10694#T-complex protein 1 subunit theta isoform 1 [Homo sapiens],0,222.382,0,60,31,379,1,31,1,548,59.6,5.6,2275,557.21,60,59,182,197,31,30,0,6198.6,7757.1,6841.6,6304,7798.4,6839.2,6061.1,7411.8,6431.8,5501.7,6833.8,6007.9,5856.551039,6862.504181,6313.276933,6163.777665,7143.56217,6441.626113,5937.22471,6895.154172,5946.300218,5501.7,6340.056145,5645.061838
NP_006608.1,FALSE,High,Master Protein,8.13436E+17,2364,NES#10763#nestin [Homo sapiens],0,711.084,0,56,76,1849,76,76,1,1621,177.3,4.36,11732,2835.01,56,56,858,991,76,74,0,36302,36455.4,25572.5,24347.5,32889.7,24347.5,32889.7,33078.1,23211.5,34163.5,34490,24184.9,34298.79583,32251.14217,23597.73655,23805.92905,30127.92582,22932.13998,32217.5083,30772.36288,21459.39667,34163.5,31998.08839,22724.28903
NP_006635.2,FALSE,High,Master Protein,5.92693E+18,3601,HSPH1#10808#heat shock protein 105 kDa isoform 1 [Homo sapiens],0,334.554,0,58,40,767,0,38,1,858,96.8,5.39,4138,1142.71,57,53,369,398,39,35,0,12806.6,11568.7,11963.8,12456.9,11293.7,11867.3,11738.4,10409.2,11009,11071.9,9746.9,10466.4,12099.91071,10234.52735,11039.92963,12179.81631,10345.35906,11177.43443,11498.49343,9683.617854,10177.99358,11071.9,9042.683901,9834.297379
NP_006752.1,FALSE,High,Master Protein,8.28885E+18,4142,YWHAE#7531#14-3-3 protein epsilon [Homo sapiens],0,298.463,0,78,25,1527,2,22,1,255,29.2,4.74,7950,2142.82,78,76,744,783,25,22,3,27128.5,23755.1,23937.1,26148.1,23214.3,23188.2,24454.7,21685.4,21551.2,24596.8,21593.1,21734.3,25631.50467,21015.51779,22088.62565,25566.4776,21264.97683,21840.23199,23954.90078,20173.80073,19924.42322,24596.8,20032.99282,20421.68936
NP_006810.1,FALSE,High,Master Protein,3.93028E+18,3099,STIP1#10963#stress-induced-phosphoprotein 1 isoform b [Homo sapiens],0,217.272,0,52,35,324,0,35,1,543,62.6,6.8,1276,414.66,52,49,163,161,35,29,0,7977.4,9604,7025.6,7773.2,9677.4,7073.3,7006.6,8694.5,6368.6,6946.7,8576.7,6352.3,7537.193925,8496.408471,6483.068057,7600.297675,8864.78105,6662.117497,6863.400811,8088.442477,5887.870824,6946.7,7957.03116,5968.662313
NP_006816.2,FALSE,High,Master Protein,8.36912E+18,4167,CKAP4#10970#cytoskeleton-associated protein 4 [Homo sapiens],0,306.921,0,67,36,670,34,35,1,602,66,5.92,3364,975.11,65,67,310,360,35,36,1,11283.3,12146,9158.3,11399.1,12234.8,9540.6,12206.2,13087.2,10000.5,11834.8,12848.3,9698.4,10660.66892,10745.24961,8451.076376,11145.54537,11207.43414,8985.98931,11956.73265,12174.94558,9245.619473,11834.8,11920.00693,9112.679593
NP_006817.1,FALSE,High,Master Protein,8.11702E+18,4104,YWHAQ#10971#14-3-3 protein theta [Homo sapiens],0,194.79,0,69,20,709,15,15,1,245,27.7,4.78,3286,1066.65,69,69,321,388,20,18,3,10357.3,9813.3,8358,10217.4,9795.8,8158.2,9477.8,9173.2,7681.5,9355.4,9180.3,7691,9785.767122,8681.570726,7712.577263,9990.13038,8973.238908,7683.950484,9284.095025,8533.774286,7101.667515,9355.4,8517.0209,7226.513523
NP_006827.1,FALSE,High,Master Protein,-5.86629E+18,770,GCN1#10985#eIF-2-alpha kinase activator GCN1 [Homo sapiens],0,533.25,0,38,77,653,77,77,1,2671,292.5,7.43,3450,1015.6,35,36,313,340,73,70,0,9107.6,8933.8,11627.6,11035,8273.4,11035,8273.4,7994.2,10729.9,7903,7717.9,10079.9,8605.027627,7903.5,10729.69172,10789.54418,7578.676043,10393.51739,8104.31026,7436.957484,9919.96124,7903,7160.279687,9471.13947
NP_008835.5,FALSE,High,Master Protein,5.92752E+18,3603,PRKDC#5591#DNA-dependent protein kinase catalytic subunit isoform 1 [Homo sapiens],0,1302.061,0,50,176,1880,4,176,1,4128,468.8,7.12,9832,2775.57,49,47,922,958,175,166,0,30043.5,33043.3,36843.4,38415.8,30766.4,38415.8,30766.4,33893.8,37796.4,30969.7,34161.2,38211,28385.65017,29232.54623,33998.27341,37561.30235,28182.921,36182.62668,30137.60379,31531.20382,34943.36602,30969.7,31693.04428,35903.30363
NP_009057.1,FALSE,High,Master Protein,-6.89695E+18,525,VCP#7415#transitional endoplasmic reticulum ATPase isoform 1 [Homo sapiens],0,558.759,0,76,54,1620,3,54,1,806,89.3,5.26,8857,2601.29,76,68,771,849,54,47,0,30516.6,28886.6,27939.1,26789,28127.5,26789,28127.5,26863.6,26469.2,28433.4,27325.8,26506.4,28832.64373,25555.22209,25781.5826,26193.12181,25765.61153,25231.71159,27552.63699,24991.0499,24471.19154,28433.4,25351.50373,24905.5855
NP_031389.3,FALSE,High,Master Protein,7.17437E+18,3884,NONO#4841#non-POU domain-containing octamer-binding protein isoform 1 [Homo sapiens],0,196.235,0,58,24,538,1,22,1,471,54.2,8.95,2642,763.07,58,58,251,287,24,24,1,7120.1,9901.9,7159.6,7497.2,10390,7548.5,7250.2,10050.1,7434.3,7476.1,10376,7757.6,6727.201151,8759.952836,6606.720289,7330.436851,9517.543463,7109.693343,7102.022173,9349.549225,6873.127228,7476.1,9626.33126,7289.091315
NP_036205.1,FALSE,High,Master Protein,7.37995E+18,3939,CCT5#22948#T-complex protein 1 subunit epsilon isoform a [Homo sapiens],0,265.079,0,76,33,482,0,32,1,541,59.6,5.66,2440,780.75,73,71,237,245,32,28,1,6895.6,8745.2,9390.7,7051.1,8789.2,9421.4,6501.8,8184.2,8547.8,5955.1,7656,8340.6,6515.089431,7736.650496,8665.529948,6894.259628,8051.163908,8873.718601,6368.91779,7613.713373,7902.575484,5955.1,7102.851978,7836.8819
NP_036450.1,FALSE,High,Master Protein,-2.32696E+18,1607,LETM1#3954#mitochondrial proton/calcium exchanger protein precursor [Homo sapiens],0,191.286,0,34,20,217,0,20,1,739,83.3,6.7,1417,367.61,34,26,116,101,19,16,0,4019.6,4178.4,4369.1,4072.4,4211.2,4220.2,4618.2,4763.1,5021.6,4911.7,5011.6,5335.3,3797.791849,3696.52157,4031.708701,3981.816016,3857.582197,3974.872868,4523.81435,4431.08406,4642.548147,4911.7,4649.510576,5013.082512
NP_036565.2,FALSE,High,Master Protein,-3.28354E+18,1363,SF3B1#23451#splicing factor 3B subunit 1 isoform 1 [Homo sapiens],0,255.664,0,36,33,368,29,33,1,1304,145.7,7.09,1499,543.51,34,35,175,193,31,31,0,6191.4,4535.5,4681.6,5983.9,4510.1,4627.8,6320,4800.7,4880.9,6454.6,4812.4,5008.4,5849.748347,4012.438632,4320.076778,5850.797774,4131.383328,4358.778413,6190.833375,4466.06312,4512.468785,6454.6,4464.702829,4705.92515
NP_036611.2,FALSE,High,Master Protein,6.23641E+17,2307,YWHAG#7532#14-3-3 protein gamma [Homo sapiens],0,237.533,0,67,19,850,13,13,1,247,28.3,4.89,4331,1262.49,67,63,392,458,19,17,5,10735.5,10298.8,6876.8,10407.2,10145.8,6584.7,9517,9350.9,5977.3,9418.4,9327.4,6156.9,10143.09742,9111.079921,6345.758713,10175.70858,9293.849131,6201.920614,9322.493865,8699.087556,5526.107822,9418.4,8653.492886,5785.063205
NP_038203.2,FALSE,High,Master Protein,4.8045E+18,3326,"IARS1#3376#isoleucine--tRNA ligase, cytoplasmic isoform 1 [Homo sapiens]",0,225.937,0,32,33,336,33,33,1,1262,144.4,6.15,1335,457.49,32,32,162,174,33,31,0,5872.5,4978.3,6232.5,5738.9,4973.7,6335,5563.2,4812.8,6121.6,5301.6,4633.9,5855.8,5548.445775,4404.17225,5751.212945,5611.247405,4556.054468,5966.736084,5449.500669,4477.319679,5659.515441,5301.6,4299.099501,5502.147691
NP_054733.2,FALSE,High,Master Protein,6.2564E+18,3680,SNRNP200#23020#U5 small nuclear ribonucleoprotein 200 kDa helicase [Homo sapiens],0,416.32,0,34,55,472,55,55,1,2136,244.4,6.06,2891,748.58,33,34,224,248,54,51,0,6582.3,5322.7,6927.9,6718.6,5363.2,6898.4,6877.9,5566.5,7166.5,6894.8,5607.2,7209,6219.077841,4708.853954,6392.912661,6569.155555,4912.847844,6497.38472,6737.33115,5178.482379,6625.541918,6894.8,5202.078319,6773.623194
NP_055205.2,FALSE,High,Master Protein,7.74225E+18,4025,SND1#27044#staphylococcal nuclease domain-containing protein 1 [Homo sapiens],0,343.08,0,50,39,487,16,39,1,910,101.9,7.17,2437,754.63,50,50,236,251,39,36,0,8233.7,9737.9,6898.5,8025.7,9261.5,6604.3,7660.1,9035.4,6225.4,7581.5,8969.8,6222.1,7779.350868,8614.866311,6365.782992,7847.181219,8483.804503,6220.381234,7503.544736,8405.579752,5755.480173,7581.5,8321.729581,5846.325548
NP_055752.1,FALSE,High,Master Protein,-4.73974E+18,1035,INPP5F#22876#phosphatidylinositide phosphatase SAC2 isoform 1 [Homo sapiens],0,228.585,0,35,31,277,0,31,1,1132,128.3,7.02,1089,432.1,35,33,131,146,31,29,0,3686.8,3938.8,6089.7,3554.3,3736.9,5982.4,3836.1,4162.4,6472,3806.9,4138.9,6416.1,3483.356302,3484.553695,5619.440268,3475.240316,3423.109545,5634.633299,3757.69872,3872.256365,5983.46575,3806.9,3839.863382,6028.609208
NP_057018.1,FALSE,High,Master Protein,-6.81115E+18,534,NOP58#51602#nucleolar protein 58 [Homo sapiens],0,197.886,0,50,20,367,20,20,1,529,59.5,8.92,1872,544.51,50,40,180,187,20,16,0,5402.8,6014.2,4820,6013,6510.7,5172.4,6410.4,7046.2,5400.4,6385.4,6914.9,5469.9,5104.664595,5320.60598,4447.789233,5879.250492,5963.99136,4871.719924,6279.385801,6555.038631,4992.754702,6385.4,6415.296649,5139.553546
NP_057212.1,FALSE,High,Master Protein,-2.77045E+18,1504,COPG1#22820#coatomer subunit gamma-1 [Homo sapiens],0,193.057,0,48,28,233,13,25,1,874,97.7,5.47,1211,367.48,48,48,113,120,28,28,3,2756.5,2774.9,3691.9,2609.9,2680.7,3744.7,2478.1,2518.1,3496.4,2556.2,2508.2,3477.7,2604.391789,2454.881702,3406.803541,2551.846975,2455.599496,3527.014461,2427.453194,2342.573696,3232.476769,2556.2,2326.981888,3267.669494
NP_057535.1,FALSE,High,Master Protein,-4.69022E+17,2032,COPB1#1315#coatomer subunit beta [Homo sapiens],0,261.148,0,46,33,315,33,33,1,953,107.1,6.05,1393,497.19,46,42,158,157,33,30,0,4121.7,4053.6,4391.5,3993.7,3925.5,4232.3,3761.5,3723.4,4027.1,3689.2,3613.8,4066.9,3894.257803,3586.114263,4052.378924,3904.866571,3595.872653,3986.269476,3684.623376,3463.857234,3723.117262,3689.2,3352.701996,3821.285639
NP_060117.3,FALSE,High,Master Protein,-9.56584E+17,1925,FTSJ3#117246#pre-rRNA 2'-O-ribose RNA methyltransferase FTSJ3 [Homo sapiens],0,200.871,0,36,23,320,12,23,1,847,96.5,8.4,2364,552.9,36,35,154,166,23,21,0,4209.6,3704,2741.6,4420.6,3835.8,2813.5,4406.3,3883.7,2874.6,4386.5,3943.2,2937.8,3977.307336,3276.832255,2529.887751,4322.270867,3513.704833,2649.946641,4316.245111,3612.983386,2657.612893,4386.5,3658.302759,2760.37595
NP_060918.2,FALSE,High,Master Protein,-8.53383E+18,171,CAND1#55832#cullin-associated NEDD8-dissociated protein 1 isoform 1 [Homo sapiens],0,279.07,0,44,35,307,2,35,1,1230,136.3,5.78,1707,499.84,42,43,150,157,34,34,0,3635.4,3440.8,4652.3,3477.2,3310.8,4362.3,3370.6,3196.7,4036.2,3149.3,3109.9,4019.6,3434.792638,3043.986075,4293.039388,3399.855282,3032.789499,4108.712363,3301.712496,2973.871305,3731.530355,3149.3,2885.208904,3776.842252
NP_061322.2,FALSE,High,Master Protein,9.45585E+17,2392,MATR3#9782#matrin-3 isoform a [Homo sapiens],0,206.661,0,36,27,328,14,27,1,847,94.6,6.25,1956,513.42,36,36,162,166,27,24,0,6256.5,7320.9,7153.8,6361.6,7369.7,7403.9,6464.5,7737.2,7560.8,6643.9,7837.9,7627.5,5911.256022,6476.60941,6601.368177,6220.096446,6750.860449,6973.499178,6332.380119,7197.871888,6990.078467,6643.9,7271.609655,7166.848511
NP_064502.9,FALSE,High,Master Protein,-2.65187E+18,1525,"LARS1#51520#leucine--tRNA ligase, cytoplasmic isoform 1 [Homo sapiens]",0,253.97,0,34,33,388,0,33,1,1176,134.4,7.3,2891,631.67,32,34,185,203,32,32,0,7086.9,6035.7,5581.3,7008.9,6066.5,5516.7,6828.8,5937.1,5334,6711.9,5653,5253.3,6695.833182,5339.626469,5150.300009,6852.998299,5557.091186,5196.005202,6689.234644,5523.249391,4931.366859,6711.9,5244.569257,4936.03478
NP_064505.1,FALSE,High,Master Protein,6.401E+18,3708,UGGT1#56886#UDP-glucose:glycoprotein glucosyltransferase 1 precursor [Homo sapiens],0,293.968,0,42,45,374,0,43,1,1555,177.1,5.63,2096,556.45,42,40,182,192,45,43,2,5101.8,5510.6,4854.1,5079.1,5483.5,4656,5744.9,6184.6,5350.7,5395.7,6036.2,5124.2,4820.27427,4875.084186,4479.255957,4966.123594,5023.046158,4385.339101,5627.487129,5753.497193,4946.806271,5395.7,5600.082956,4814.731582
NP_066964.1,FALSE,High,Master Protein,-8.48403E+18,185,XRCC5#7520#X-ray repair cross-complementing protein 5 [Homo sapiens],0,370.837,0,61,35,816,35,35,1,732,82.7,5.81,4883,1323.96,61,60,400,416,35,30,0,12560.7,9608.4,10923.1,12939.8,10028.4,11124.3,12180.8,9458.6,10603.8,12379.7,9504.4,10684.8,11867.57988,8500.301037,10079.59472,12651.97497,9186.307302,10477.62624,11931.85177,8799.280236,9803.379808,12379.7,8817.70459,10039.50744
NP_110379.2,FALSE,High,Master Protein,-3.95957E+18,1215,TCP1#6950#T-complex protein 1 subunit alpha isoform a [Homo sapiens],0,264.838,0,71,29,556,10,29,1,556,60.3,6.11,3488,899.99,71,71,263,293,29,29,0,8081.6,7059.2,7210.7,7924.9,6930.8,7293.4,7549.2,6601,6730.6,7096.4,6182.4,6350.1,7635.643997,6245.090242,6653.874237,7748.623353,6348.815229,6869.422724,7394.911284,6140.871676,6222.545515,7096.4,5735.719967,5966.595179
NP_112420.1,FALSE,High,Master Protein,8.3729E+18,4168,HNRNPA1#3178#heterogeneous nuclear ribonucleoprotein A1 isoform b [Homo sapiens],0,283.57,0,50,22,877,0,17,1,372,38.7,9.13,5254,1460.88,50,49,420,457,22,17,1,21466.3,13552.9,13119.3,22341.1,14111,13680.1,22421.7,13927.3,13781.6,23650.3,14344.6,14247,20281.7542,11989.89737,12106.19944,21844.15818,12926.08814,12884.8534,21963.45074,12956.4857,12741.30587,23650.3,13308.19886,13386.57368
NP_114032.2,FALSE,High,Master Protein,-1.65801E+17,2102,HNRNPU#3192#heterogeneous nuclear ribonucleoprotein U isoform a [Homo sapiens],0,326.427,0,51,40,1083,2,2,1,825,90.5,6,3602,1466.31,51,45,530,553,40,33,40,24123.2,23981.9,21427.6,26021.2,25811.9,23327.8,26577.6,26186.5,23642.4,26623.8,26401.8,23902.6,22792.04208,21216.16184,19772.91464,25442.40028,23644.45429,21971.71681,26034.41346,24361.14773,21857.77049,26623.8,24494.26298,22459.03811
NP_573566.2,FALSE,High,Master Protein,-1.03952E+18,1899,"LRPPRC#10128#leucine-rich PPR motif-containing protein, mitochondrial precursor [Homo sapiens]",0,375.681,0,51,59,485,0,59,1,1394,157.8,6.13,2015,690.47,49,50,231,254,58,56,0,9029.4,8595.2,9823.8,8889.3,8614,9686.1,9532.5,9083.7,10546.5,10381.8,9866.6,11120.4,8531.142832,7603.949406,9065.185034,8691.571827,7890.675591,9123.031157,9337.67708,8450.512959,9750.405057,10381.8,9153.735544,10448.80002
NP_705935.1,FALSE,High,Master Protein,3.3908E+18,2967,TPM3#7170#tropomyosin alpha-3 chain isoform Tpm3.1cy [Homo sapiens],0,214.122,0,67,30,525,0,10,1,248,29,4.78,2461,605.06,67,51,296,229,29,18,22,12323.1,12333.6,11520.6,12130.7,11997.3,11148.5,11571.3,11646.2,10859.1,12411.5,12763.8,12148.3,11643.09104,10911.21444,10630.95449,11860.8721,10989.87721,10500.41945,11334.80858,10834.39172,10039.40867,12411.5,11841.61208,11414.62154
NP_733765.1,FALSE,High,Master Protein,1.47364E+18,2515,ATP2A2#488#sarcoplasmic/endoplasmic reticulum calcium ATPase 2 isoform b [Homo sapiens],0,249.401,0,30,26,363,0,26,1,1042,114.7,5.34,2491,605.78,30,28,175,188,26,23,0,4755.8,4721.6,5216.9,4683.3,4558.3,5247.7,4789.3,4614.3,5452.1,4821.8,4683.3,5298.2,4493.367121,4177.076451,4814.039761,4579.127528,4175.535935,4942.642612,4691.41745,4292.656291,5040.552165,4821.8,4344.930338,4978.223111
NP_733821.1,FALSE,High,Master Protein,4.91541E+17,2267,LMNA#4000#lamin isoform A [Homo sapiens],0,637.934,0,76,61,2767,0,4,1,664,74.1,7.02,13070,3834.81,75,74,1304,1463,59,54,69,53423.5,58666.5,47583.9,51319.2,62949.9,51319.2,62949.9,69295,56365.6,63557.8,69745.2,56655.1,50475.50325,51900.7234,43909.3689,50177.68698,57663.94699,48335.93093,61663.34523,64464.73304,52110.88335,63557.8,64706.09088,53233.49971
NP_821133.1,FALSE,High,Master Protein,6.48014E+18,3727,TUBB#203068#tubulin beta chain isoform b [Homo sapiens],0,400.362,0,82,28,1509,0,5,1,444,49.6,4.89,7351,2396.87,82,82,728,781,28,26,2,8036.2,7401,6880.1,5966.6,5512,5094.9,5854.7,5459.4,4990.8,6835.8,6515,5816.4,7592.749244,6547.471793,6348.80388,5833.882585,5049.15299,4798.725126,5735.043063,5078.847876,4614.073063,6835.8,6044.289529,5465.127195
NP_908932.1,FALSE,High,Master Protein,-9.16962E+18,16,ALDOA#226#fructose-bisphosphate aldolase A isoform 1 [Homo sapiens],0,275.625,0,84,31,788,1,26,1,364,39.4,8.09,3165,1069.29,84,80,352,436,31,27,5,17242.5,16510.3,16416,15506.8,14913.9,14797.4,15457.8,14560.7,14740.2,15937.3,15055.6,15354.5,16291.03044,14606.23207,15148.32117,15161.87619,13661.56799,13937.20292,15141.87724,13545.73401,13627.54664,15937.3,13967.82892,14427.18787
NP_938148.1,FALSE,High,Master Protein,-3.02869E+18,1431,GANAB#23193#neutral alpha-glucosidase AB isoform 2 precursor [Homo sapiens],0,364.58,0,64,44,806,0,1,1,944,106.8,6.14,2878,1153.02,64,62,395,411,44,41,0,54.4,0,12.1,53.2,0,9,83.5,0,2.4,69.6,0,9.7,51.39811837,0,11.16561197,52.01665162,0,8.476815273,81.79344728,0,2.218837732,69.6,0,9.114182964
NP_938149.2,FALSE,High,Master Protein,4.56011E+18,3268,GANAB#23193#neutral alpha-glucosidase AB isoform 3 precursor [Homo sapiens],0,367.701,0,62,44,805,0,1,1,966,109.4,6.24,2876,1149.96,62,58,397,408,44,40,46,14409.5,14571.5,14170.6,14754.7,14843.9,14114.2,18305.4,18567.8,17638.9,16400.9,16726.6,15914,13614.36005,12891.02624,13076.31579,14426.50544,13597.44595,13293.71846,17931.27868,17273.5157,16307.44036,16400.9,15518.09873,14952.8977
NP_976317.1,FALSE,High,Master Protein,-2.09881E+18,1661,RNH1#6050#ribonuclease inhibitor [Homo sapiens],0,199.715,0,72,19,260,19,19,1,461,49.9,4.82,1897,494.27,72,68,121,139,19,18,0,2532.4,2698.4,2440.6,2512.8,2643.7,2355.6,2461.5,2562.4,2329.8,2343.8,2425.2,2180.8,2392.657996,2387.204146,2252.131619,2456.906808,2421.706415,2218.665117,2411.192461,2383.785727,2153.936728,2343.8,2249.978659,2049.093836
XP_005245768.1,FALSE,High,Master Protein,-4.91222E+18,990,HNRNPR#10236#heterogeneous nuclear ribonucleoprotein R isoform X2 [Homo sapiens],0,290.338,0,48,30,844,0,3,1,633,70.9,8.13,4528,1347.76,48,46,370,474,29,27,23,12906.7,11554.1,9075.1,13466,12007.7,9375.9,13433.1,12150.8,9394.1,14105,12673.8,9848.2,12194.48703,10221.61111,8374.301259,13166.4705,10999.40391,8830.863591,13158.55756,11303.81814,8684.993139,14105,11758.1146,9253.432646
XP_005249786.1,FALSE,High,Master Protein,1.07422E+18,2426,HNRNPA2B1#3181#heterogeneous nuclear ribonucleoproteins A2/B1 isoform X1 [Homo sapiens],0,295.277,0,63,27,1555,1,23,1,353,37.4,8.95,6484,2207.82,63,63,695,860,27,23,5,23743.2,26753.8,21826.8,24707.5,27599.8,22600.5,25416.3,28651.8,23088.6,26879.9,30628.8,24353.1,22433.01111,23668.38952,20141.28756,24157.92142,25282.22291,21286.69595,24896.84783,26654.60189,21345.77369,26879.9,28415.86111,22882.33084
XP_005251033.1,FALSE,High,Master Protein,-7.32914E+17,1977,PLEC#5339#plectin isoform X3 [Homo sapiens],0,1931.671,0,62,257,3757,0,2,1,4689,532.1,5.97,20168,5624.89,60,60,1802,1955,253,242,260,77423.7,72895.2,50085.4,78978.8,74100.9,51355.4,78552.8,73900.5,51145,77480.1,73033.2,50001,73151.33267,64488.48342,46217.69768,77222.0437,67878.58868,48370.02656,76947.35695,68749.20274,47284.35658,77480.1,67756.53201,46981.26416
XP_005252022.1,FALSE,High,Master Protein,6.18984E+18,3667,HNRNPK#3190#heterogeneous nuclear ribonucleoprotein K isoform X3 [Homo sapiens],0,248.893,0,63,27,931,0,1,1,440,48.5,5.54,4608,1351.34,63,63,435,496,27,27,0,153.7,218.6,244.1,172.6,247.3,267.7,146.5,239.9,271.4,147.6,233,252.8,145.2185808,193.3897222,225.250073,168.7607908,226.5340229,252.138161,143.5058686,223.1775663,250.9135668,147.6,216.1656885,237.532521
XP_005254502.1,FALSE,High,Master Protein,6.48886E+18,3729,PKM#5315#pyruvate kinase PKM isoform X4 [Homo sapiens],0,659.459,0,77,41,2847,0,5,1,531,57.9,7.84,18334,4862.45,77,69,1318,1529,41,39,50,56097.1,52408.9,52268.8,48863,47841.2,48863,47841.2,44532,43969.5,48862.2,45827.8,45655.4,53001.5696,46364.78779,48232.49084,47776.1212,43823.93651,46022.51385,46863.43317,41427.85903,40650.49402,48862.2,42516.72935,42898.11019
XP_005271170.1,FALSE,High,Master Protein,1.96854E+18,2646,"SFPQ#6421#splicing factor, proline- and glutamine-rich isoform X1 [Homo sapiens]",0,204.49,0,42,25,444,4,24,1,707,76.1,9.44,2111,697.26,42,41,210,234,25,23,1,6016,7981.5,6212.6,6243,8231,6433.4,5958,8016.7,6128.2,6309.7,8519,6575.7,5684.027208,7061.025012,5732.849665,6104.134512,7539.836405,6059.415931,5836.231843,7457.889103,5665.617245,6309.7,7903.5,6178.570404
XP_005271449.1,FALSE,High,Master Protein,-2.64241E+18,1527,HYOU1#10525#hypoxia up-regulated protein 1 isoform X1 [Homo sapiens],0,470.492,0,51,43,991,0,42,1,1000,111.3,5.22,5655,1615.45,51,51,469,522,43,40,1,13172.2,16357.5,14247.3,12343.3,13982.8,12343.3,13982.8,17181.3,15260,13629,16922.6,14730.2,12445.3363,14471.05389,13147.09285,12068.74316,12808.6532,11625.76377,13697.02293,15983.66286,14108.10991,13629,15699.93768,13840.59154
XP_006713191.1,FALSE,High,Master Protein,5.79025E+18,3568,IMPDH2#3615#inosine-5'-monophosphate dehydrogenase 2 isoform X1 [Homo sapiens],0,235.375,0,52,26,309,0,23,1,608,66.1,8.5,1810,530.88,52,49,150,159,26,23,3,4222.2,5323,5616.8,4427.1,5775.8,6026.6,4137.4,5428,5687.9,3790.9,4901.6,5087,3989.212048,4709.119356,5183.058623,4328.626285,5290.801495,5676.26388,4052.840823,5049.63664,5258.552972,3790.9,4547.458105,4779.77822
XP_006717309.1,FALSE,High,Master Protein,-7.67909E+18,347,"SPTAN1#6709#spectrin alpha chain, non-erythrocytic 1 isoform X2 [Homo sapiens]",0,697.561,0,50,90,876,0,2,1,2505,288.4,5.41,4593,1397.09,47,48,422,454,83,82,90,13405.7,12823.2,11888.1,11202.1,12632.5,11202.1,12632.5,12168.6,11120.4,12569.8,11969.2,11121.3,12665.95139,11344.3508,10970.07535,10952.92731,11571.73896,10550.9036,12374.32003,11320.37738,10280.98463,12569.8,11104.42214,10449.64567
XP_006717563.1,FALSE,High,Master Protein,-7.11514E+18,462,VIM#7431#vimentin isoform X1 [Homo sapiens],0,880.334,0,92,61,9278,51,59,1,466,53.6,5.12,58171,14038.37,90,92,4635,4643,60,55,2,165975.6,165430,174644.7,184806,175228.5,184806,175228.5,172895.6,184847.6,174160.5,171817.9,183009.3,156816.7929,146351.6091,161158.2606,180695.2879,160514.4239,174062.9248,171647.2225,160843.765,170894.5123,174160.5,159404.0113,171956.7262
XP_006718627.1,FALSE,High,Master Protein,6.21093E+18,3671,NUMA1#4926#nuclear mitotic apparatus protein 1 isoform X3 [Homo sapiens],0,363.784,0,31,44,318,0,44,1,2115,238.1,5.78,1697,530.45,30,28,160,158,41,40,0,5274.1,5272.2,3996.2,5000.5,5023,3886.9,5016.8,4979.6,3822.8,5305.6,5217.3,4106.3,4983.066473,4664.17792,3687.604841,4889.271925,4601.214708,3660.948143,4914.26786,4632.492743,3534.2387,5305.6,4840.348697,3858.306134
XP_006720201.1,FALSE,High,Master Protein,8.73235E+18,4249,KTN1#3895#kinectin isoform X1 [Homo sapiens],0,326.088,0,38,43,409,0,43,1,1357,156.2,5.64,2138,662.82,38,36,202,207,43,39,0,5415.9,6307.6,5803.1,5248.6,6081.9,5680.7,5239.3,6039.6,5775.4,5652.3,6523.5,6184.8,5117.041715,5580.169312,5354.972136,5131.85334,5571.198035,5350.471613,5132.220459,5618.604541,5339.448098,5652.3,6052.175402,5811.278226
XP_011515432.1,FALSE,High,Master Protein,6.61144E+18,3758,PLEC#5339#plectin isoform X2 [Homo sapiens],0,1929.761,0,63,256,3765,1,1,1,4552,516.4,5.76,20196,5632.65,62,62,1806,1959,252,241,0,279,202.1,106.2,247.2,200.9,93.7,263,189.3,91.1,261.4,211.2,107.6,263.6043203,178.7926023,97.99900758,241.7014338,184.0302677,88.25306568,257.6248699,176.1046824,84.22338223,261.4,195.9407442,101.1016584
XP_011522180.1,FALSE,High,Master Protein,7.56321E+18,3982,MYH10#4628#myosin-10 isoform X1 [Homo sapiens],0,595.936,0,39,68,1135,0,57,1,2016,233.3,5.62,8026,1903.21,37,33,563,572,66,53,1,12920.4,12104.5,9708.3,9566.3,11899,9566.3,11899,11296.9,9053.9,11585.5,10896.4,8673.3,12207.43104,10708.53565,8958.604193,9353.513052,10899.83154,9010.195327,11655.81113,10509.43997,8370.472891,11585.5,10109.13222,8149.488979
XP_011526286.2,FALSE,High,Master Protein,4.28654E+17,2249,ILF3#3609#interleukin enhancer-binding factor 3 isoform X1 [Homo sapiens],0,308.806,0,53,36,937,0,36,1,898,95.7,8.81,4874,1423.74,52,48,450,487,35,33,0,16684.7,15585.6,16210.7,16974,15955.4,16412.3,17337.1,16430.7,17141.4,18095,16947,17754.2,15764.01076,13788.17408,14958.87488,16596.44069,14615.61241,15458.22614,16982.76856,15285.38407,15847.49379,18095,15722.57477,16681.96156
XP_011526432.1,FALSE,High,Master Protein,3.40696E+18,2971,PRKCSH#5589#glucosidase 2 subunit beta isoform X1 [Homo sapiens],0,255.909,0,51,25,666,1,25,1,535,60.2,4.41,2794,878.45,51,50,303,363,24,21,0,19613.1,20010.4,14995.9,21168.3,20974.6,15856.9,23855.2,24063.3,17979.1,22586.4,22748,17051.4,18530.81683,17702.67931,13837.88435,20697.44523,19213.34621,14935.11246,23367.65322,22385.94719,16621.96061,22586.4,21104.45099,16021.60612
XP_011529261.1,FALSE,High,Master Protein,9.36244E+17,2390,MSN#4478#moesin isoform X1 [Homo sapiens],0,199.934,0,48,31,426,0,21,1,610,71.3,6.06,2248,585.99,48,46,203,223,30,26,11,7082,8310.9,9616.7,7446.2,8574,9971.4,6295.8,7329.1,8602.5,6029.7,7082.4,8063.8,6691.203572,7352.436606,8874.077742,7280.571264,7854.034423,9391.746201,6167.127968,6818.218846,7953.146494,6029.7,6570.694729,7576.798823
XP_011532966.1,FALSE,High,Master Protein,-3.23657E+15,2139,CANX#821#calnexin isoform X3 [Homo sapiens],0,207.257,0,41,27,553,0,27,1,646,73.4,4.65,2594,772.75,41,38,271,282,26,22,0,13773.1,13321.4,11447.8,13757.7,13535.3,11230.2,15180,14968.7,12394.9,15631.1,15235,12687.1,13013.07765,11785.09536,10563.77626,13451.6821,12398.73013,10577.3701,14869.75485,13925.29403,11459.27992,15631.1,14134.26723,11920.88151
XP_011541100.1,FALSE,High,Master Protein,-7.72083E+17,1971,HSPA8#3312#heat shock cognate 71 kDa protein isoform X1 [Homo sapiens],0,535.529,0,80,48,2339,9,39,1,646,70.9,5.52,10260,3260.34,80,78,1061,1278,48,46,6,43736.4,41527,47141.4,46560.9,39888,46560.9,39888,37439,41888.3,38765.7,36773.9,41399.5,41322.95339,36737.8545,43501.0397,45525.22771,36538.57302,43854.23869,39072.77874,34829.28264,38726.3919,38765.7,34116.97601,38899.23893
XP_011543629.1,FALSE,High,Master Protein,6.71349E+18,3784,SERPINH1#871#serpin H1 isoform X1 [Homo sapiens],0,251.047,0,56,21,381,21,21,1,418,46.4,8.69,2136,693.04,56,52,184,197,21,18,0,7308.5,6203.7,6384,7204.7,6246.4,6137.3,7736.2,6782.5,6652.1,7640.1,6524.2,6546.5,6905.204929,5488.25169,5891.013789,7044.443043,5721.88484,5780.528708,7578.089423,6309.720064,6149.971031,7640.1,6052.824827,6151.133894
XP_016858683.1,FALSE,High,Master Protein,8.96119E+18,4308,IMMT#10989#MICOS complex subunit MIC60 isoform X1 [Homo sapiens],0,282.857,0,57,37,363,0,37,1,758,83.6,6.48,1584,543.15,55,56,173,190,36,33,0,6969.8,6553.6,5357.9,6995.5,6470.1,5416.1,7412,6947,5750.4,7761.5,7385.7,6140.4,6585.194953,5797.7991,4944.151438,6839.89636,5926.800574,5101.253244,7260.515344,6462.753452,5316.335205,7761.5,6852.081224,5769.559698
XP_016860269.1,FALSE,High,Master Protein,5.95067E+18,3608,"SPTBN1#6711#spectrin beta chain, non-erythrocytic 1 isoform X1 [Homo sapiens]",0,512.358,0,43,79,533,0,73,1,2364,274.4,5.57,2840,769.35,43,41,262,271,79,73,6,10319.9,9004.7,7088,6362.7,9631.1,6362.7,9631.1,8050.7,6369.4,9370.8,7922.4,6245,9750.430915,7966.223382,6540.649395,6221.171978,8822.368898,5992.825837,9434.261917,7489.519104,5888.610437,9370.8,7350.004508,5867.842537
XP_016865310.1,FALSE,High,Master Protein,-1.03708E+18,1902,VDAC1#7416#voltage-dependent anion-selective channel protein 1 isoform X1 [Homo sapiens],0,236.551,0,87,21,1304,20,20,1,283,30.8,8.54,6564,1866.83,87,82,585,719,21,19,2,18712.8,17152.6,18286.1,19100,17853.4,19155,20731.8,19382.1,20862,20966.1,19804.7,21488,17680.19687,15174.45814,16874.00803,18675.15124,16354.23585,18041.48851,20308.08851,18031.05422,19287.24698,20966.1,18373.80519,20190.26428
XP_016865667.1,FALSE,High,Master Protein,2.4685E+18,2751,SYNCRIP#10492#heterogeneous nuclear ribonucleoprotein Q isoform X4 [Homo sapiens],0,309.639,0,52,31,753,0,1,1,562,62.6,7.56,4200,1239.02,52,51,349,404,31,28,0,86.1,9.4,7.5,94.5,7.1,5.7,88.9,2.1,9.1,85.5,7.2,10.3,81.34886015,8.315934988,6.920833868,92.39799958,6.503807371,5.368649673,87.08308339,1.953617712,8.413093066,85.5,6.679798098,9.677946858
XP_016873759.1,FALSE,High,Master Protein,5.3531E+18,3475,AHNAK#79026#neuroblast differentiation-associated protein AHNAK isoform X1 [Homo sapiens],0,1204.742,0,57,162,1639,0,162,1,5823,621.4,6.15,5441,2048.99,57,56,758,881,161,157,0,27726.8,25447.1,17883.2,18711.9,25865.6,18711.9,25865.6,23607.6,16757.4,28037.4,25595.3,17845.5,26196.78949,22512.38609,16502.22083,18295.6839,23693.64506,17624.14663,25336.96515,21962.01215,15492.47975,28037.4,23746.03281,16767.74764
XP_016876741.1,FALSE,High,Master Protein,-2.34316E+18,1605,HNRNPC#3183#heterogeneous nuclear ribonucleoproteins C1/C2 isoform X2 [Homo sapiens],0,205.213,0,52,21,1041,3,3,1,293,32.3,5.08,5067,1403.56,52,49,510,531,21,18,20,17479.4,17340.5,19434.5,18513.5,19024.7,20603.1,18787.9,19616.5,20820.1,18909.9,19271.1,21150.4,16514.85791,15340.68837,17933.72611,18101.69699,17427.18086,19405.40808,18403.91746,18249.11517,19248.50977,18909.9,17878.75794,19873.05313
XP_016877802.1,FALSE,High,Master Protein,-3.44971E+18,1323,PKM#5315#pyruvate kinase PKM isoform X5 [Homo sapiens],0,561.517,0,71,39,2599,0,3,1,531,58,7.71,16916,4278.48,71,63,1214,1385,39,36,0,1434,153,268.9,229.2,1333,229.2,1333,129.6,219.1,1302.3,138,224,1354.869517,135.355112,248.1349636,224.1018149,1221.066933,215.876229,1305.75647,120.5661217,202.5613946,1302.3,128.0294636,210.471854
XP_016883528.1,FALSE,High,Master Protein,-6.97963E+18,505,YWHAB#7529#14-3-3 protein beta/alpha isoform X1 [Homo sapiens],0,242.124,0,69,18,825,10,11,1,246,28.1,4.83,4167,1323.56,69,69,394,431,18,17,0,5645.6,5608.1,4737.8,5253.7,5336.3,4413.7,4801.6,5066.7,4163.5,5096,5272.8,4517.4,5334.066491,4961.339895,4371.936894,5136.839898,4888.206659,4157.124397,4703.466065,4713.521364,3849.221206,5096,4891.838807,4244.578363
XP_016884680.1,FALSE,High,Master Protein,-8.7754E+18,104,HUWE1#10075#E3 ubiquitin-protein ligase HUWE1 isoform X1 [Homo sapiens],0,441.813,0,24,64,445,0,64,1,4501,494,5.24,1968,767.85,22,23,204,241,60,63,0,5463.3,6840.8,6683.3,5436,6705,6653,5311.5,6692.7,6459.4,5079.4,6314.4,6395.6,5161.826105,6051.877454,6167.201199,5315.084928,6141.975834,6266.250223,5202.944853,6226.17965,5971.816851,5079.4,5858.182932,6009.347275
XP_016885266.1,FALSE,High,Master Protein,-8.49061E+18,180,UBA1#7317#ubiquitin-like modifier-activating enzyme 1 isoform X1 [Homo sapiens],0,469.502,0,60,46,1217,0,46,1,1109,123.1,5.85,8011,1932.67,58,59,551,666,45,44,0,15349.7,12574.4,14278.8,14440,14444.1,14440,14444.1,11780.7,13456.1,13948.6,11346.2,13065,14502.67826,11124.24393,13176.16035,14118.80544,13231.21747,13600.57917,14148.89499,10959.51628,12440.376,13948.6,10526.43405,12275.95881
XP_024306305.1,FALSE,High,Master Protein,4.87467E+18,3346,PRPF8#10594#pre-mRNA-processing-splicing factor 8 isoform X1 [Homo sapiens],0,372.958,0,30,59,458,59,59,1,2335,273.4,8.84,1753,666.68,29,30,213,245,57,57,0,5085.2,6419.8,8460.5,5168.2,6451.7,8313.5,5203.3,6589,8548.8,5181.3,6688.1,8697.6,4804.590286,5679.429728,7807.161993,5053.241708,5909.945636,7830.222641,5096.956218,6129.708146,7903.5,5181.3,6204.883009,8172.321417
XP_024307077.1,FALSE,High,Master Protein,-3.55136E+18,1298,TRIM28#10155#transcription intermediary factor 1-beta isoform X1 [Homo sapiens],0,206.724,0,44,29,233,0,29,1,872,92.4,6.02,1041,309.87,42,40,115,118,28,25,0,3695,5027.1,4763.1,3683.1,4930.1,4912.6,3383.2,4915.6,4518.2,3574.7,4992.6,4658.7,3491.103812,4447.344338,4395.283173,3601.175368,4516.115595,4627.022523,3314.05498,4572.953918,4177.146933,3574.7,4631.883331,4377.34476
XP_024308601.1,FALSE,High,Master Protein,-6.56807E+18,602,HDLBP#3069#vigilin isoform X1 [Homo sapiens],0,279.73,0,36,33,434,0,33,1,1268,141.4,6.87,1944,677.61,36,34,209,225,33,32,0,4414.6,4550.7,6152.7,4033.1,4151.2,5540.2,3881.2,3892.9,5275,3976.6,4044.4,5334.3,4170.995099,4025.885676,5677.575272,3943.390181,3802.620445,5218.139108,3801.876977,3621.542092,4876.820431,3976.6,3752.191032,5012.142906
