,Checked,Protein FDR Confidence: Combined,Master,Unique Sequence ID,Protein Group IDs,Accession,Description,Exp. q-value: Combined,Sum PEP Score,# Decoy Protein: Combined,Coverage [%],# Peptides,# PSMs,# Protein Unique Peptides,# Unique Peptides,# Protein Groups,# AAs,MW [kDa],calc. pI,Score Mascot: Mascot,Score Sequest HT: Sequest HT,Coverage [%] (by Search Engine): Mascot,Coverage [%] (by Search Engine): Sequest HT,# PSMs (by Search Engine): Mascot,# PSMs (by Search Engine): Sequest HT,# Peptides (by Search Engine): Mascot,# Peptides (by Search Engine): Sequest HT,# Razor Peptides,Abundances (by Bio. Rep.): Cntrol 1,Abundances (by Bio. Rep.): Cntrol 2,Abundances (by Bio. Rep.): Cntrol 3,Abundances (by Bio. Rep.): Sample- A1,Abundances (by Bio. Rep.): Sample- A2,Abundances (by Bio. Rep.): Sample- A3,Abundances (by Bio. Rep.): Sample- B1,Abundances (by Bio. Rep.): Sample- B2,Abundances (by Bio. Rep.): Sample- B3,Abundances (by Bio. Rep.): Sample- C1,Abundances (by Bio. Rep.): Sample- C2,Abundances (by Bio. Rep.): Sample- C3,normalized Abundances (by Bio. Rep.): Sample- A2,normalized Abundances (by Bio. Rep.): Sample- A3,normalized Abundances (by Bio. Rep.): Cntrol 1,normalized Abundances (by Bio. Rep.): Cntrol 2,normalized Abundances (by Bio. Rep.): Cntrol 3,normalized Abundances (by Bio. Rep.): Sample- A1,average_normalized  (by Bio. Rep.): Cntrol ,P VALUE of  (by Bio. Rep.): Cntrol ,average_normalized  (by Bio. Rep.): ,P VALUE of  (by Bio. Rep.): ,average_normalized_of_CONTROL
0,False,High,Master Protein,-7.329137622841576e+17,1977,XP_005251033.1,PLEC#5339#plectin isoform X3 [Homo sapiens],0,1931.671,0,62,257,3757,0,2,1,4689,532.1,5.97,20168,5624.89,60,60,1802,1955,253,242,260,77423.7,72895.2,50085.4,78978.8,74100.9,51355.4,78552.8,73900.5,51145.0,77480.1,73033.2,50001.0,69656.05595171447,49745.702467399795,74649.70270958943,67181.24724877646,47712.700003545884,78978.8,70915.47497918294,0.4511076709630495,63345.75000177295,0.8650756272619768,59700.87920955713
1,False,High,Master Protein,6.611444595035923e+18,3758,XP_011515432.1,PLEC#5339#plectin isoform X2 [Homo sapiens],0,1929.761,0,63,256,3765,1,1,1,4552,516.4,5.76,20196,5632.65,62,62,1806,1959,252,241,0,279.0,202.1,106.2,247.2,200.9,93.7,263.0,189.3,91.1,261.4,211.2,107.6,188.8492803825519,90.76304188450213,269.00376830318686,186.25821822256776,101.1689781927782,247.2,227.63099326287733,0.3077398890059645,174.1844890963891,0.738285350000925,139.806161133527
2,False,High,Master Protein,1.5988155036304627e+17,2174,XP_006716651.1,PLEC#5339#plectin isoform X4 [Homo sapiens],0,1923.726,0,63,256,3752,0,1,1,4579,518.8,5.76,20128,5614.84,62,61,1800,1952,252,240,0,0.0,0.0,15.7,0.0,0.0,9.5,0.0,0.0,6.6,0.0,0.0,12.7,0.0,9.202229433327323,0.0,0.0,14.95624253885704,0.0,0.0,0.49999999999999956,7.47812126942852,0.7797260501719465,4.601114716663662
3,False,High,Master Protein,5.927523368410574e+18,3603,NP_008835.5,PRKDC#5591#DNA-dependent protein kinase catalytic subunit isoform 1 [Homo sapiens],0,1302.061,0,50,176,1880,4,176,1,4128,468.8,7.12,9832,2775.57,49,47,922,958,175,166,0,30043.5,33043.3,36843.4,30927.1,34288.0,38415.8,30766.4,33893.8,37796.4,30969.7,34161.2,38211.0,32231.27986937252,37211.684785770085,28967.07782443296,30453.172598682704,35098.01441758761,30927.1,29710.12521155783,0.27448405699956874,33012.557208793805,0.6527354562923045,34721.4823275713
4,False,High,Master Protein,5.353102455870622e+18,3475,XP_016873759.1,AHNAK#79026#neuroblast differentiation-associated protein AHNAK isoform X1 [Homo sapiens],0,1204.742,0,57,162,1639,0,162,1,5823,621.4,6.15,5441,2048.99,57,56,758,881,161,157,0,27726.8,25447.1,17883.2,28666.9,26171.9,18711.9,25865.6,23607.6,16757.4,28037.4,25595.3,17845.5,24602.013346162817,18125.389150892373,26733.38237630395,23452.40724854777,17036.01761598014,28666.9,25092.89481242586,0.44282223853280933,22851.45880799007,0.8488026181995895,21363.701248527595
5,False,High,Master Protein,-7.115142250704838e+18,462,XP_006717563.1,VIM#7431#vimentin isoform X1 [Homo sapiens],0,880.334,0,92,61,9278,51,59,1,466,53.6,5.12,58171,14038.37,90,92,4635,4643,60,55,2,165975.6,165430.0,174644.7,175359.9,174122.5,184806.0,175228.5,172895.6,184847.6,174160.5,171817.9,183009.3,163677.99314788898,179013.390805841,160028.89550674704,152462.6276128619,166371.2414857278,175359.9,156245.76155980446,0.26344319026498336,170865.5707428639,0.9628354501175471,171345.691976865
6,False,High,Master Protein,3.377890585448934e+18,2964,NP_001275582.1,CLTC#1213#clathrin heavy chain 1 isoform 2 [Homo sapiens],0,807.882,0,68,85,1597,0,85,1,1679,191.9,5.69,9283,2463.87,68,61,778,819,85,77,0,24318.9,27622.9,25656.4,24565.8,27647.7,25719.0,23427.3,26779.1,24977.8,23151.8,26272.0,24449.6,25989.2894436669,24912.856715341622,23447.583301033592,25457.65530005031,24440.977138466995,24565.8,24452.61930054195,0.4968203642354745,24503.388569233495,0.3257398305315344,25451.073079504262
7,False,High,Master Protein,5.619484675981056e+18,3531,NP_002147.2,"HSPD1#3329#60 kDa heat shock protein, mitochondrial [Homo sapiens]",0,759.032,0,80,45,3141,45,45,1,573,61.0,5.87,20006,4787.05,80,74,1574,1567,45,38,0,41421.1,37822.5,37850.5,44950.5,40761.1,40232.7,47379.7,43175.4,42221.9,48933.8,44728.6,43993.4,38316.09956496384,38971.635381287175,39937.03221241267,34857.75090907011,36057.40498197506,44950.5,37397.391560741395,0.70950727472357,40503.95249098753,0.7477956730748818,38643.86747312551
8,False,High,Master Protein,-4.615289327887409e+18,1068,NP_006280.3,TLN1#7094#talin-1 [Homo sapiens],0,729.643,0,49,84,855,77,77,1,2541,269.6,6.07,4844,1506.59,49,46,421,434,84,77,7,10635.5,10911.5,11777.8,10431.1,10501.9,11808.4,9745.8,9883.0,10795.3,9236.2,9531.4,10443.2,9871.957479589457,11438.27432005288,10254.442931141735,10056.192717147691,11219.849259500028,10431.1,10155.317824144713,0.6380002966848708,10825.474629750013,0.8692731641028866,10655.115899821169
9,False,High,Master Protein,8.134360258967976e+17,2364,NP_006608.1,NES#10763#nestin [Homo sapiens],0,711.084,0,56,76,1849,76,76,1,1621,177.3,4.36,11732,2835.01,56,56,858,991,76,74,0,36302.0,36455.4,25572.5,34659.8,34936.1,24347.5,32889.7,33078.1,23211.5,34163.5,34490.0,24184.9,32840.50445183112,23584.345381888106,35001.343358216094,33597.81221470063,24361.05174044087,34659.8,34299.577786458365,0.41018592854466895,29510.42587022044,0.8687564148172342,28212.424916859614
10,False,High,Master Protein,-7.679085377781864e+18,347,XP_006717309.1,"SPTAN1#6709#spectrin alpha chain, non-erythrocytic 1 isoform X2 [Homo sapiens]",0,697.561,0,50,90,876,0,2,1,2505,288.4,5.41,4593,1397.09,47,48,422,454,83,82,90,13405.7,12823.2,11888.1,12844.1,12274.9,11202.1,12632.5,12168.6,11120.4,12569.8,11969.2,11121.3,11538.606429904361,10850.978351060632,12925.390024164992,11818.042473585509,11324.92400803735,12844.1,12371.716248875251,0.23679338059093477,12084.512004018674,0.43639217461451796,11194.792390482497
11,False,High,Master Protein,2.9622811662013174e+18,2863,NP_002464.1,MYH9#4627#myosin-9 [Homo sapiens],0,694.687,0,44,79,1406,66,66,1,1960,226.4,5.6,10014,2405.05,44,38,701,705,78,62,13,18645.4,17893.2,15199.7,18995.2,18502.7,15546.7,17064.8,16339.7,13878.9,16600.8,15822.8,13383.8,17392.840120130626,15059.400034853674,17977.357926595847,16490.626176645474,14479.643294131552,18995.2,17233.992051620662,0.5534921931523055,16737.421647065778,0.8644304722970985,16226.120077492149
12,False,High,Master Protein,-4.5675477958789873e+18,1081,NP_001104026.1,FLNA#2316#filamin-A isoform 2 [Homo sapiens],0,693.035,0,47,84,810,0,78,1,2647,280.6,6.06,3837,1225.28,45,46,371,439,81,82,7,12269.9,11744.8,10437.3,13417.6,12981.1,11456.3,13562.4,12663.4,11240.9,12774.0,12330.4,10863.1,12202.44596104502,11097.210637581875,11830.28436094363,10824.173782189084,9942.852882217361,13417.6,11327.229071566357,0.7083741463973229,11680.22644110868,0.9890286076714219,11649.828299313447
13,False,High,Master Protein,-1.0629778157815592e+18,1894,XP_006717310.1,"SPTAN1#6709#spectrin alpha chain, non-erythrocytic 1 isoform X4 [Homo sapiens]",0,686.499,0,51,89,871,0,1,1,2490,286.7,5.4,4572,1386.17,47,48,419,452,81,81,0,0.0,41.5,0.0,0.0,34.5,0.0,0.0,39.6,0.0,0.0,39.8,0.0,32.4305633310007,0.0,0.0,38.24698691853816,0.0,0.0,19.12349345926908,0.9185064911320149,0.0,0.49999999999999956,16.21528166550035
14,False,High,Master Protein,-8.201100139023697e+18,243,NP_005091.2,AKAP12#9590#A-kinase anchor protein 12 isoform 1 [Homo sapiens],0,663.494,0,58,73,993,0,73,1,1782,191.4,4.41,4550,1615.71,56,54,452,541,71,64,0,12800.6,13270.7,10591.0,12559.4,13067.1,10626.9,12149.0,12740.3,9978.5,13529.6,14234.2,11062.0,12283.287365290413,10293.807575265908,12341.970023447218,12230.46480240589,10089.271638792034,12559.4,12286.217412926555,0.49873383745720434,11324.335819396016,0.9841263570633503,11288.547470278161
15,False,High,Master Protein,6.488855965708198e+18,3729,XP_005254502.1,PKM#5315#pyruvate kinase PKM isoform X4 [Homo sapiens],0,659.459,0,77,41,2847,0,5,1,531,57.9,7.84,18334,4862.45,77,69,1318,1529,41,39,50,56097.1,52408.9,52268.8,53003.5,49522.3,48863.0,47841.2,44532.0,43969.5,48862.2,45827.8,45655.4,46551.77062164684,47331.42492638663,54087.208927887834,48300.78343891506,49792.665606051654,53003.5,51193.99618340145,0.3769380712146585,51398.08280302583,0.20432624005664782,46941.59777401674
16,False,High,Master Protein,-2.3057832933418447e+18,1619,NP_001367.2,DYNC1H1#1778#cytoplasmic dynein 1 heavy chain 1 [Homo sapiens],0,654.727,0,30,102,700,102,102,1,4646,532.1,6.4,3364,1082.75,29,29,360,340,99,97,0,8774.4,9408.9,10434.5,9093.6,9671.7,11018.6,8628.0,9218.7,10465.2,7903.5,8461.7,9519.9,9091.555923722884,10673.230024637942,8460.023887453344,8671.375306453825,9940.185526860114,9093.6,8565.699596953586,0.340496376794122,9516.892763430056,0.7334230006754815,9882.392974180413
17,False,High,Master Protein,3.453697574232543e+18,2984,NP_004915.2,ACTN4#81#alpha-actinin-4 isoform 1 [Homo sapiens],0,640.574,0,77,63,1668,0,45,1,911,104.8,5.44,9286,2520.79,77,72,821,847,63,58,20,27908.4,29233.9,25519.7,27745.6,28750.7,24989.9,31759.5,33438.7,28342.9,32756.3,34752.4,29715.2,27026.127453930487,24206.609822726998,26908.475868504163,26942.375683803682,24310.753039418472,27745.6,26925.425776153923,0.5235558878030357,26028.176519709235,0.8706293158688886,25616.368638328742
18,False,High,Master Protein,4.9154144504048115e+17,2267,NP_733821.1,LMNA#4000#lamin isoform A [Homo sapiens],0,637.934,0,76,61,2767,0,4,1,664,74.1,7.02,13070,3834.81,75,74,1304,1463,59,54,69,53423.5,58666.5,47583.9,57552.8,62694.4,51319.2,62949.9,69295.0,56365.6,63557.8,69745.2,56655.1,58933.7597014229,49710.63712998016,51509.400773997506,54067.876097745044,45329.70377991844,57552.8,52788.638435871275,0.7969256974186342,51441.251889959225,0.7452517432608587,54322.19841570153
19,False,High,Master Protein,6.828955185066436e+17,2325,NP_005338.1,HSPA5#3309#endoplasmic reticulum chaperone BiP precursor [Homo sapiens],0,616.093,0,73,52,2721,48,49,1,654,72.3,5.16,13276,3993.22,72,73,1274,1447,51,46,3,40084.7,38870.6,39767.4,40403.3,39258.7,40241.5,46518.1,45712.7,46483.6,41136.6,40907.6,41797.7,36903.81903312339,38980.15955170963,38648.513803952526,35823.69469194529,37883.495512085574,40403.3,37236.10424794891,0.7291674658960152,39143.39775604279,0.5408062736940508,37941.98929241651
20,False,High,Master Protein,-1.0998925370528634e+18,1885,NP_001269554.1,LMNA#4000#lamin isoform C [Homo sapiens],0,606.616,0,76,58,2714,0,1,1,572,65.1,6.84,12635,3798.54,76,74,1284,1430,56,51,0,444.2,513.0,179.0,454.8,536.5,186.5,454.3,533.4,180.3,411.2,534.2,162.3,504.31876020527176,180.65429361216272,428.28485261747534,472.78805516168865,170.52021748123633,454.8,450.536453889582,0.6246829318100631,312.66010874061817,0.9027357019772038,342.4865269087172
21,False,High,Master Protein,-8.210818149912647e+18,240,NP_002853.2,"PYGB#5834#glycogen phosphorylase, brain form [Homo sapiens]",0,600.892,0,74,70,1503,58,58,1,843,96.6,6.86,9868,2428.34,74,73,734,769,67,61,12,23078.4,23828.0,28023.9,24195.1,25130.3,29660.0,23143.9,24146.6,28292.2,21546.6,22314.3,26312.5,23622.892338465124,28730.328946577727,22251.528911857593,21960.221790239215,26696.321355711836,24195.1,22105.875351048402,0.3559903736086195,25445.710677855917,0.828779464075324,26176.610642521424
22,False,High,Master Protein,7.563214759205698e+18,3982,XP_011522180.1,MYH10#4628#myosin-10 isoform X1 [Homo sapiens],0,595.936,0,39,68,1135,0,57,1,2016,233.3,5.62,8026,1903.21,37,33,563,572,66,53,1,12920.4,12104.5,9708.3,12765.1,12143.0,9566.3,11899.0,11296.9,9053.9,11585.5,10896.4,8673.3,11414.618276183812,9266.45130821465,12457.477734711454,11155.678389287836,9248.387862419477,12765.1,11806.578061999644,0.3845831169556422,11006.743931209738,0.782620990265094,10340.53479219923
23,False,High,Master Protein,-2.2208373617151772e+18,1638,NP_001258898.1,HSP90AB1#3326#heat shock protein HSP 90-beta isoform a [Homo sapiens],0,593.239,0,67,50,3487,0,30,1,724,83.2,5.03,13508,5581.42,67,63,1601,1886,50,42,23,45755.2,45825.0,50403.0,45942.1,45992.1,50918.0,42287.8,42383.7,46361.5,39637.1,39521.9,43547.7,43233.3249790063,49322.01245117481,44115.8466647526,42232.96808534967,48015.25431121092,45942.1,43174.40737505113,0.48680061364221716,46978.67715560546,0.8580063142381752,46277.66871509055
24,False,High,Master Protein,3.819136565778515e+18,3072,NP_001952.1,EEF2#1938#elongation factor 2 [Homo sapiens],0,587.683,0,67,51,1910,50,50,1,858,95.3,6.83,11039,3019.65,67,66,895,1015,51,48,1,41114.4,41922.4,40417.8,41625.0,42485.2,40476.7,37942.9,38592.7,36833.4,33829.0,34805.5,33419.2,39936.78171681828,39207.98737936422,39641.32090152168,38636.2767323789,38503.08405649784,41625.0,39138.79881695029,0.5631508003279838,40064.04202824892,0.8065831646713575,39572.38454809125
25,False,High,Master Protein,-3.449706356717902e+18,1323,XP_016877802.1,PKM#5315#pyruvate kinase PKM isoform X5 [Homo sapiens],0,561.517,0,71,39,2599,0,3,1,531,58.0,7.71,16916,4278.48,71,63,1214,1385,39,36,0,1434.0,153.0,268.9,1336.4,136.6,229.2,1333.0,129.6,219.1,1302.3,138.0,224.0,128.40623046419407,222.01589327564446,1382.6215188056271,141.00696382015275,256.1613769871757,1336.4,761.81424131289,0.5175110142280315,796.2806884935878,0.45468149030530236,175.21106186991926
26,False,High,Master Protein,-6.896953880380315e+18,525,NP_009057.1,VCP#7415#transitional endoplasmic reticulum ATPase isoform 1 [Homo sapiens],0,558.759,0,76,54,1620,3,54,1,806,89.3,5.26,8857,2601.29,76,68,771,849,54,47,0,30516.6,28886.6,27939.1,29379.9,27917.7,26789.0,28127.5,26863.6,26469.2,28433.4,27325.8,26506.4,26243.093852344296,25949.31834625323,29423.227225093306,26622.29909207336,26615.53859346374,29379.9,28022.763158583333,0.3982311416642122,27997.71929673187,0.3981640831499851,26096.20609929876
27,False,High,Master Protein,-8.293079878251606e+18,219,NP_003290.1,HSP90B1#7184#endoplasmin precursor [Homo sapiens],0,540.241,0,71,59,2457,57,57,1,803,92.4,4.84,10608,3401.53,71,63,1165,1292,59,51,2,43212.6,42647.5,44596.5,40011.4,38733.5,41138.6,47689.6,46625.5,49971.0,44645.9,43807.9,46562.3,36410.12245742944,39849.14060693468,41664.344939707145,39304.53914718931,42483.82613911707,40011.4,40484.44204344823,0.3886750359245056,41247.61306955853,0.29057943459678337,38129.63153218206
28,False,High,Master Protein,-7.720832257451308e+17,1971,XP_011541100.1,HSPA8#3312#heat shock cognate 71 kDa protein isoform X1 [Homo sapiens],0,535.529,0,80,48,2339,9,39,1,646,70.9,5.52,10260,3260.34,80,78,1061,1278,48,46,6,43736.4,41527.0,47141.4,43944.2,41279.9,46560.9,39888.0,37439.0,41888.3,38765.7,36773.9,41399.5,38803.78003615582,45101.48257075897,42169.3778208441,38271.87050038878,44908.166370781866,43944.2,40220.62416061644,0.6938541554846851,44426.18318539093,0.5749108125040573,41952.6313034574
29,False,High,Master Protein,-5.86628940104549e+18,770,NP_006827.1,GCN1#10985#eIF-2-alpha kinase activator GCN1 [Homo sapiens],0,533.25,0,38,77,653,77,77,1,2671,292.5,7.43,3450,1015.6,35,36,313,340,73,70,0,9107.6,8933.8,11627.6,8724.1,8572.5,11035.0,8273.4,7994.2,10729.9,7903.0,7717.9,10079.9,8058.289975507348,10689.115978607055,8781.285735477079,8233.516427297258,11076.764697121918,8724.1,8507.401081387168,0.6283313897476939,9900.43234856096,0.793796406796786,9373.7029770572
30,False,High,Master Protein,7.054273267636823e+18,3854,NP_001348.2,DHX9#1660#ATP-dependent RNA helicase A [Homo sapiens],0,523.236,0,48,51,974,51,51,1,1270,140.9,6.84,6291,1618.59,48,45,491,483,51,45,0,12381.4,13556.5,12207.7,12794.6,13942.2,12672.4,13003.0,14191.3,13057.9,13392.4,14409.4,12914.4,13105.89565430371,12275.192870620755,11937.789451143648,12493.862124365365,11629.383569528987,12794.6,12215.825787754507,0.45467117735849405,12211.991784764494,0.5787562713047316,12690.544262462232
31,False,High,Master Protein,5.579729439990209e+18,3523,NP_001419.1,ENO1#2023#alpha-enolase isoform 1 [Homo sapiens],0,512.817,0,72,33,3676,5,30,1,434,47.1,7.39,15112,5854.93,71,72,1679,1997,32,30,4,60020.2,60428.7,65880.3,58056.9,58781.1,63647.8,56577.2,57363.7,62621.9,57985.7,59014.6,64077.5,55255.19380335899,61652.806160687454,57869.749011867156,55691.944539861855,62759.346836475386,58056.9,56780.846775864506,0.6944371661030663,60408.123418237694,0.6750597130400922,58453.99998202322
32,False,High,Master Protein,5.950667386624241e+18,3608,XP_016860269.1,"SPTBN1#6711#spectrin beta chain, non-erythrocytic 1 isoform X1 [Homo sapiens]",0,512.358,0,43,79,533,0,73,1,2364,274.4,5.57,2840,769.35,43,41,262,271,79,73,6,10319.9,9004.7,7088.0,9463.8,7852.2,6362.7,9631.1,8050.7,6369.4,9370.8,7922.4,6245.0,7381.196214135759,6163.265812150711,9950.15049645899,8298.85887000869,6752.219561491637,9463.8,9124.50468323384,0.1598026892303157,8108.009780745819,0.4972766310395762,6772.231013143235
33,False,High,Master Protein,-7.065009906831581e+18,479,NP_005339.3,HSP90AA1#3320#heat shock protein HSP 90-alpha isoform 2 [Homo sapiens],0,502.605,0,70,50,2948,1,32,1,732,84.6,5.02,10321,4657.0,70,59,1377,1571,50,39,0,12065.9,15517.2,14442.3,12209.4,15565.2,14112.3,11457.6,14410.9,13268.6,10457.1,13310.3,12337.8,14631.542155353394,13669.960255994229,11633.59343358216,14300.870973791336,13758.12366999586,12209.4,12967.232203686748,0.532797632845529,12983.761834997931,0.34963499451599356,14150.751205673812
34,False,High,Master Protein,-2.6424134203245706e+18,1527,XP_005271449.1,HYOU1#10525#hypoxia up-regulated protein 1 isoform X1 [Homo sapiens],0,470.492,0,51,43,991,0,42,1,1000,111.3,5.22,5655,1615.45,51,51,469,522,43,40,1,13172.2,16357.5,14247.3,11774.1,14320.3,12343.3,13982.8,17181.3,15260.0,13629.0,16922.6,14730.2,13461.315828084907,11956.408269935699,12700.256046033113,15075.303337831036,13572.361421901776,11774.1,13887.779691932075,0.5034700040966742,12673.230710950887,0.9785911142674324,12708.862049010302
35,False,High,Master Protein,-8.490614885601304e+18,180,XP_016885266.1,UBA1#7317#ubiquitin-like modifier-activating enzyme 1 isoform X1 [Homo sapiens],0,469.502,0,60,46,1217,0,46,1,1109,123.1,5.85,8011,1932.67,58,59,551,666,45,44,0,15349.7,12574.4,14278.8,15272.5,12529.4,14440.0,14444.1,11780.7,13456.1,13948.6,11346.2,13065.0,11777.840585491018,13987.388738657532,14799.738861374293,11588.744874902803,13602.369169670821,15272.5,13194.241868138548,0.8892821672680471,14437.43458483541,0.3855273448321509,12882.614662074275
36,False,High,Master Protein,-6.252367434931231e+18,666,NP_004095.4,FASN#2194#fatty acid synthase [Homo sapiens],0,460.858,0,37,66,586,66,66,1,2511,273.3,6.44,3291,920.07,36,36,282,304,64,65,0,7779.3,7821.3,9231.6,7371.7,7241.6,8391.3,6929.1,6829.3,8071.0,6986.8,7086.3,8126.4,6807.2222439934685,8128.2808256715325,7500.577113838644,7208.2206936376515,8794.27061284794,7371.7,7354.398903738148,0.8924092542754551,8082.9853064239705,0.5913298541178319,7467.7515348325005
37,False,High,Master Protein,6.980118088250601e+18,3836,NP_001605.1,"ACTG1#71#actin, cytoplasmic 2 [Homo sapiens]",0,452.043,0,83,25,3533,1,1,1,375,41.8,5.48,24969,5726.65,83,79,1712,1821,25,24,0,3016.2,1344.6,1039.7,2952.4,1326.7,1009.0,3163.5,1427.2,1139.3,3119.5,1459.3,1156.6,1247.1196629344531,977.3736313923441,2908.133211312087,1239.2023761606365,990.4462017611252,2952.4,2073.667793736362,0.45175873054803434,1971.4231008805627,0.5407285615342953,1112.2466471633986
38,False,High,Master Protein,-1.51806303088002e+18,1795,NP_001093.1,ACTN1#87#alpha-actinin-1 isoform b [Homo sapiens],0,450.937,0,71,50,1071,0,32,1,892,103.0,5.41,6057,1569.28,69,67,524,547,49,45,0,6881.1,7018.3,6259.4,6687.1,6789.1,6166.2,7377.1,7558.9,6707.8,8069.5,8278.2,7380.4,6381.864855376721,5972.924961240309,6634.558530720643,6468.164537117504,5962.872901128774,6687.1,6551.361533919073,0.29129387231553294,6324.986450564387,0.7643083250421541,6177.394908308515
39,False,High,Master Protein,-1.7449031775056822e+17,2100,NP_001092.1,"ACTB#60#actin, cytoplasmic 1 [Homo sapiens]",0,447.673,0,83,25,3461,1,1,1,375,41.7,5.48,24131,5726.65,83,79,1640,1821,25,24,36,44543.2,44670.9,44413.3,46037.2,45927.7,45398.0,54810.4,53502.5,52601.8,54852.2,53719.8,53205.3,43172.787927455094,43975.03282254672,42947.271155134455,41169.333203357266,42309.30488859997,46037.2,42058.30217924586,0.3097588269659014,44173.252444299986,0.8026194936562152,43573.91037500091
40,False,High,Master Protein,-8.775397801672845e+18,104,XP_016884680.1,HUWE1#10075#E3 ubiquitin-protein ligase HUWE1 isoform X1 [Homo sapiens],0,441.813,0,24,64,445,0,64,1,4501,494.0,5.24,1968,767.85,22,23,204,241,60,63,0,5463.3,6840.8,6683.3,5436.0,6705.0,6653.0,5311.5,6692.7,6459.4,5079.4,6314.4,6395.6,6302.809482155353,6444.466570518598,5267.556585558426,6304.578026803274,6366.6914496779145,5436.0,5786.06730618085,0.4579491720638288,5901.345724838957,0.4929747346701908,6373.638026336976
41,False,High,Master Protein,5.6231957489221376e+17,2291,NP_002037.2,GAPDH#2597#glyceraldehyde-3-phosphate dehydrogenase isoform 1 [Homo sapiens],0,436.172,0,87,25,2074,1,25,1,335,36.0,8.46,10417,3135.03,83,87,916,1158,24,24,0,38264.4,37286.9,43240.0,36867.9,36404.2,41705.2,34335.1,33755.6,37944.1,34229.8,33346.6,38731.4,34220.542423606246,40397.98094345291,36893.43294573643,34364.13437428532,41191.58773122155,36867.9,35628.78366001087,0.6854501065614034,39029.74386561078,0.6974589489495959,37309.26168352958
42,False,High,Master Protein,3.125798911978514e+18,2908,NP_001244957.1,TKT#7086#transketolase isoform 2 [Homo sapiens],0,431.727,0,73,39,1082,0,39,1,631,68.8,7.52,5485,1672.5,71,72,497,585,37,34,0,24305.6,19700.4,20391.3,24862.2,19793.3,20791.0,23307.4,18693.5,20205.9,22907.0,18242.7,19198.2,18606.025193608584,20139.321278769305,23434.759823906592,18156.167255179982,19425.301177235386,24862.2,20795.463539543285,0.6855999541167646,22143.750588617695,0.4875550307248182,19372.673236188944
43,False,High,Master Protein,4.5480617185536646e+17,2254,NP_000173.2,"HADHA#3030#trifunctional enzyme subunit alpha, mitochondrial precursor [Homo sapiens]",0,429.944,0,69,45,725,45,45,1,763,82.9,9.04,4488,1062.57,66,67,373,352,44,39,0,10071.5,10902.8,12468.4,10105.7,10902.5,12480.9,11481.1,12318.0,14163.4,12690.4,13993.0,15765.8,10248.52802076044,12089.695298359473,9710.650367260025,10048.174674106936,11877.733405827077,10105.7,9879.41252068348,0.38898707500565416,10991.716702913538,0.9023114786825791,11169.111659559956
44,False,High,Master Protein,2.402053168044673e+18,2733,NP_001677.2,"ATP5F1B#506#ATP synthase subunit beta, mitochondrial precursor [Homo sapiens]",0,423.896,0,74,26,1198,26,26,1,529,56.5,5.4,9795,2263.29,74,74,564,634,26,26,0,13484.6,13089.5,19032.4,14233.8,14027.7,20355.9,15386.7,15083.1,22388.7,15711.4,15246.9,22489.6,13186.267050384886,19717.859170722913,13001.463132835677,12063.468319763982,18130.776464747945,14233.8,12532.46572629983,0.43937363055012907,16182.288232373972,0.9511529300150576,16452.0631105539
45,False,High,Master Protein,8.7054767803993e+18,4242,NP_003861.1,IQGAP1#8826#ras GTPase-activating-like protein IQGAP1 [Homo sapiens],0,419.852,0,47,51,467,48,51,1,1657,189.1,6.48,2190,785.35,47,46,232,235,51,48,0,5029.2,5023.5,4087.8,5019.1,5076.6,4206.3,4710.1,4613.7,3786.1,4450.5,4454.1,3666.6,4772.0868929321205,4074.456596358392,4849.009862187769,4629.7286454283485,3894.148296199988,5019.1,4739.369253808059,0.5261891041760852,4456.624148099994,0.9651704593991898,4423.271744645256
46,False,High,Master Protein,6.25639568816304e+18,3680,NP_054733.2,SNRNP200#23020#U5 small nuclear ribonucleoprotein 200 kDa helicase [Homo sapiens],0,416.32,0,34,55,472,55,55,1,2136,244.4,6.06,2891,748.58,33,34,224,248,54,51,0,6582.3,5322.7,6927.9,6718.6,5363.2,6898.4,6877.9,5566.5,7166.5,6894.8,5607.2,7209.0,5041.495572661534,6682.17468661739,6346.464172408842,4905.475596898869,6599.703992671827,6718.6,5625.969884653856,0.8492904000347943,6659.151996335913,0.5085484694482406,5861.835129639462
47,False,High,Master Protein,-2.333101891394809e+18,1606,NP_001341087.1,ACSL3#2181#long-chain-fatty-acid--CoA ligase 3 [Homo sapiens],0,413.755,0,62,33,1060,30,30,1,720,80.4,8.38,4295,1690.02,58,62,491,569,30,33,4,16969.5,19067.5,20182.9,17866.8,20282.1,21678.6,21333.2,24232.5,26141.2,22241.5,25285.2,27097.3,19065.505174947513,20999.10010456102,16361.503391472866,17572.87766431871,19226.77372850304,17866.8,16967.190527895786,0.13789317941661278,18546.78686425152,0.34780458642502543,20032.302639754267
48,False,High,Master Protein,6.674387397432112e+18,3776,NP_006079.1,TUBB4B#10383#tubulin beta-4B chain [Homo sapiens],0,400.997,0,82,28,1310,1,1,1,445,49.8,4.89,5848,2102.48,82,82,626,684,28,26,34,23147.0,22509.1,26396.4,17559.9,16927.3,19976.9,17505.4,16737.1,19791.3,19479.5,18797.2,22156.6,15911.938396314437,19350.738649119645,22317.671057038948,20744.70489754379,25145.92105431121,17559.9,21531.187977291367,0.22691859209066698,21352.910527155604,0.49878642608424484,17631.33852271704
49,False,High,Master Protein,6.480137070562713e+18,3727,NP_821133.1,TUBB#203068#tubulin beta chain isoform b [Homo sapiens],0,400.362,0,82,28,1509,0,5,1,444,49.6,4.89,7351,2396.87,82,82,728,781,28,26,2,8036.2,7401.0,6880.1,5966.6,5512.0,5094.9,5854.7,5459.4,4990.8,6835.8,6515.0,5816.4,5181.370002332634,4935.204077879935,7748.272698344338,6820.866269496409,6554.168426215944,5966.6,7284.569483920373,0.11211197314419133,6260.384213107973,0.11379474939764436,5058.287040106285
50,False,High,Master Protein,8.610404900026586e+18,4223,NP_004334.1,CALR#811#calreticulin precursor [Homo sapiens],0,392.637,0,77,27,1724,27,27,1,417,48.1,4.44,6129,2200.6,77,69,837,887,27,21,0,26041.2,26690.9,25986.6,24651.4,25077.4,24576.0,28031.4,29212.5,28573.1,27947.1,29155.7,28071.7,23573.165474690926,23805.683216152873,25108.175380419176,24598.71091913278,24755.53454523964,24651.4,24853.44314977598,0.09451281482094114,24703.46727261982,0.040058100051984534,23689.4243454219
51,False,High,Master Protein,-4.103254270732277e+17,2043,NP_001393.1,EEF1A1#1915#elongation factor 1-alpha 1 [Homo sapiens],0,392.58,0,73,29,1127,17,17,1,462,50.1,9.01,4145,1571.91,73,71,554,573,28,26,16,26600.6,30024.6,25592.8,28411.4,32302.2,27115.9,24557.6,27791.8,23809.4,22177.8,25076.7,21240.1,30364.59544436669,26265.971904332673,25647.53275672313,27671.09598636966,24380.39006678092,28411.4,26659.314371546396,0.5669564062819681,26395.89503339046,0.573042030551691,28315.28367434968
52,False,High,Master Protein,-7.576515921520274e+18,370,NP_004902.1,PDIA4#9601#protein disulfide-isomerase A4 isofrom 2 precursor [Homo sapiens],0,384.678,0,58,45,1082,0,45,1,645,72.9,5.07,3876,1415.05,58,57,524,558,45,41,0,18962.0,18944.2,15603.5,17322.9,17417.5,14315.3,17994.7,18413.7,15060.3,18427.1,18491.1,15043.1,16372.73440051318,13866.597369148487,18282.614532491145,17459.242640534234,14864.3140417233,17322.9,17870.928586512688,0.24848665333870906,16093.607020861651,0.6347934758460851,15119.665884830833
53,False,High,Master Protein,5.561612098835552e+18,3519,NP_004125.3,"HSPA9#3313#stress-70 protein, mitochondrial precursor [Homo sapiens]",0,378.739,0,65,39,924,38,38,1,679,73.6,6.16,5979,1408.76,65,63,440,484,39,37,0,12778.5,12202.8,13454.0,13763.1,13170.3,14688.0,14882.6,14352.7,16239.8,14654.2,14040.2,15767.4,12380.297050384883,14227.615359653866,12320.661839649727,11246.273059506928,12816.64249157851,13763.1,11783.467449578327,0.31796900654273413,13289.871245789254,0.9907597631185153,13303.956205019374
54,False,High,Master Protein,-2.5868621512326994e+18,1541,NP_000909.2,P4HB#5034#protein disulfide-isomerase precursor [Homo sapiens],0,378.499,0,72,37,1236,10,37,1,508,57.1,4.87,6653,1834.17,72,68,593,643,37,33,0,32358.8,26029.6,23951.2,31770.4,25814.2,23934.2,35202.6,28549.4,26245.9,35373.9,28329.6,26136.6,24265.76950548169,23183.999968751876,31199.423432864387,23989.24748662123,22816.557725902723,31770.4,27594.335459742808,0.47496715529292005,27293.478862951364,0.5707546650606559,23724.884737116783
55,False,High,Master Protein,-1.0395239010465032e+18,1899,NP_573566.2,"LRPPRC#10128#leucine-rich PPR motif-containing protein, mitochondrial precursor [Homo sapiens]",0,375.681,0,51,59,485,0,59,1,1394,157.8,6.13,2015,690.47,49,50,231,254,58,56,0,9029.4,8595.2,9823.8,8889.3,8614.0,9686.1,9532.5,9083.7,10546.5,10381.8,9866.6,11120.4,8097.300653137392,9382.496264647556,8705.887546655182,7921.457878607693,9358.416270905973,8889.3,8313.672712631436,0.6385038124078977,9123.858135452985,0.657864863860718,8739.898458892474
56,False,High,Master Protein,4.874670657009699e+18,3346,XP_024306305.1,PRPF8#10594#pre-mRNA-processing-splicing factor 8 isoform X1 [Homo sapiens],0,372.958,0,30,59,458,59,59,1,2335,273.4,8.84,1753,666.68,29,30,213,245,57,57,0,5085.2,6419.8,8460.5,5168.2,6451.7,8313.5,5203.3,6589.0,8548.8,5181.3,6688.1,8697.6,6064.703346162817,8052.919409891232,4903.003450090917,5916.5784727622,8059.7,5168.2,5409.790961426559,0.3160985982371558,6613.95,0.826169549753134,7058.811378027025
57,False,High,Master Protein,-8.484028389043527e+18,185,NP_066964.1,XRCC5#7520#X-ray repair cross-complementing protein 5 [Homo sapiens],0,370.837,0,61,35,816,35,35,1,732,82.7,5.81,4883,1323.96,61,60,400,416,35,30,0,12560.7,9608.4,10923.1,12939.8,10028.4,11124.3,12180.8,9458.6,10603.8,12379.7,9504.4,10684.8,9426.859748075576,10775.61693528033,12110.665349554982,8855.237327905592,10405.639036699959,12939.8,10482.951338730287,0.8568930576876533,11672.719518349979,0.4167107543442491,10101.238341677952
58,False,High,Master Protein,4.5601079960833797e+18,3268,NP_938149.2,GANAB#23193#neutral alpha-glucosidase AB isoform 3 precursor [Homo sapiens],0,367.701,0,62,44,805,0,1,1,966,109.4,6.24,2876,1149.96,62,58,397,408,44,40,46,14409.5,14571.5,14170.6,14754.7,14843.9,14114.2,18305.4,18567.8,17638.9,16400.9,16726.6,15914.0,13953.50837765337,13671.800701880897,13893.22508732893,13429.300479119973,13499.294937651439,14754.7,13661.26278322445,0.6432219646352986,14126.99746882572,0.7045852869155038,13812.654539767133
59,False,High,Master Protein,4.815879602494019e+18,3329,NP_001888.2,CSPG4#1464#chondroitin sulfate proteoglycan 4 precursor [Homo sapiens],0,365.524,0,29,48,440,48,48,1,2322,250.4,5.47,2536,719.37,29,29,209,231,48,46,0,4904.8,5581.9,5076.6,4686.8,5419.2,4944.5,4756.0,5402.1,4978.3,4654.1,5294.6,4895.3,5094.136487053884,4789.518256114416,4729.066963345775,5144.357982664775,4836.105788073991,4686.8,4936.712473005275,0.9860989227321718,4761.4528940369955,0.43258762986566346,4941.82737158415
60,False,High,Master Protein,-3.028691531671689e+18,1431,NP_938148.1,GANAB#23193#neutral alpha-glucosidase AB isoform 2 precursor [Homo sapiens],0,364.58,0,64,44,806,0,1,1,944,106.8,6.14,2878,1153.02,64,62,395,411,44,41,0,54.4,0.0,12.1,53.2,0.0,9.0,83.5,0.0,2.4,69.6,0.0,9.7,0.0,8.717901568415359,52.45091396305866,0.0,11.526785650966254,53.2,26.22545698152933,0.5559022342442601,32.36339282548313,0.4004712984524355,4.358950784207679
61,False,High,Master Protein,8.37530180182256e+18,4169,NP_004784.2,"LONP1#9361#lon protease homolog, mitochondrial isoform 1 precursor [Homo sapiens]",0,363.901,0,56,39,512,0,39,1,959,106.4,6.39,2204,800.02,56,54,244,268,38,35,0,6718.9,7070.3,6713.0,6986.0,7393.6,7124.2,7861.4,8253.2,7843.5,7953.6,8560.5,8273.4,6950.104725915558,6900.897150411633,6478.169960044022,6516.088472533504,6394.984469003013,6986.0,6497.129216288763,0.0066571248995141025,6690.492234501507,0.5718849378475999,6925.5009381635955
62,False,High,Master Protein,6.210925912035566e+18,3671,XP_006718627.1,NUMA1#4926#nuclear mitotic apparatus protein 1 isoform X3 [Homo sapiens],0,363.784,0,31,44,318,0,44,1,2115,238.1,5.78,1697,530.45,30,28,160,158,41,40,0,5274.1,5272.2,3996.2,5000.5,5023.0,3886.9,5016.8,4979.6,3822.8,5305.6,5217.3,4106.3,4721.702017728015,3765.067956252629,5085.135392142789,4858.934082696793,3806.887670941433,5000.5,4972.034737419791,0.3599124584081862,4403.693835470716,0.8542014955171942,4243.3849869903215
63,False,High,Master Protein,1.5477814300188055e+18,2537,NP_005304.3,PDIA3#2923#protein disulfide-isomerase A3 precursor [Homo sapiens],0,359.278,0,63,39,1151,39,39,1,505,56.7,6.35,5767,1570.94,62,62,559,592,38,33,0,21614.7,18837.8,24467.0,20182.0,17506.3,22756.9,22094.0,19655.5,25273.4,21903.7,19363.0,25165.7,16456.20785047819,22043.601578030168,20840.271508039044,17361.182895759957,23307.92268778441,20182.0,19100.7272018995,0.9686561926824825,21744.961343892202,0.5359017189832762,19249.90471425418
64,False,High,Master Protein,1.1561426121263027e+18,2441,NP_004437.2,EPRS1#2058#bifunctional glutamate/proline--tRNA ligase [Homo sapiens],0,359.252,0,39,49,495,19,49,1,1512,170.5,7.33,2006,754.29,39,37,238,257,49,45,0,7560.6,8605.7,7106.4,7786.6,8911.9,7307.4,7449.3,8549.8,6898.1,6866.3,8042.2,6498.8,8377.33151737812,7078.354880115377,7289.712869652598,7931.134827105155,6769.747896696412,7786.6,7610.423848378876,0.8907645708734082,7278.173948348206,0.6430524027661311,7727.843198746748
65,False,High,Master Protein,-2.0847550877250563e+18,1665,NP_000692.2,ATP1A1#476#sodium/potassium-transporting ATPase subunit alpha-1 isoform a [Homo sapiens],0,356.985,0,49,39,1242,0,36,1,1023,112.8,5.49,8020,2047.01,49,48,587,655,39,38,3,13428.0,15655.1,14341.8,13066.6,15368.3,13959.6,13345.4,15984.3,14206.1,13839.7,16162.5,14608.0,14446.45294028458,13522.046526050117,12946.891042204994,14427.961564057996,13662.38466520891,13066.6,13687.426303131495,0.7716131531991794,13364.492332604455,0.3932772532853622,13984.249733167348
66,False,High,Master Protein,8.846805291568529e+18,4278,NP_001152759.1,TPI1#7167#triosephosphate isomerase isoform 2 [Homo sapiens],0,356.179,0,80,23,1133,0,23,1,286,30.8,5.92,6128,1929.94,80,79,538,595,23,21,0,24364.0,21358.8,22405.0,24001.3,20980.0,22064.1,22851.1,19952.6,20858.6,24370.8,20856.0,21882.8,19721.542570562164,21372.516888408147,23491.067422719876,19684.572149293323,21343.60599255363,24001.3,21587.8197860066,0.6848584699917666,22672.452996276814,0.32871021622686236,20547.029729485155
67,False,High,Master Protein,4.751284344252295e+18,3308,NP_002511.1,NPM1#4869#nucleophosmin isoform 1 [Homo sapiens],0,353.547,0,69,23,1981,0,23,1,294,32.6,4.78,6657,2619.0,69,69,1017,964,23,19,0,38142.7,36961.7,32207.0,42404.5,40872.8,35887.2,43473.3,41374.7,36381.5,43406.0,41653.9,36799.9,38421.099388850016,34762.34190733729,36776.09330916833,34064.42545510679,30681.254996749598,42404.5,35420.25938213756,0.6619027584776694,36542.8774983748,0.9947710560399197,36591.72064809366
68,False,High,Master Protein,-7.238306351176714e+18,434,NP_002256.2,KPNB1#3837#importin subunit beta-1 isoform 1 [Homo sapiens],0,350.959,0,62,34,508,6,34,1,876,97.1,4.78,2799,865.18,61,62,228,280,33,34,0,6505.0,7408.4,9721.7,6499.3,7449.9,9734.9,6043.4,6811.5,9233.0,5636.6,6380.8,8581.8,7003.027645206437,9429.766664262965,6271.933737678246,6827.686214151762,9261.153063057738,6499.3,6549.8099759150045,0.39247367211445555,7880.22653152887,0.872003027180147,8216.397154734701
69,False,High,Master Protein,-6.017876226430429e+18,729,NP_005900.2,MAP1B#4131#microtubule-associated protein 1B isoform 1 [Homo sapiens],0,347.486,0,30,52,360,6,52,1,2468,270.5,4.81,1330,483.1,29,27,178,182,51,48,0,6874.0,7086.8,4612.1,6407.6,6486.9,4317.3,6326.1,6688.8,4285.3,6224.5,6389.0,4148.7,6097.7919209237225,4181.977382368848,6627.712915111493,6531.295105886657,4393.610586844749,6407.6,6579.504010499075,0.37326374342949936,5400.605293422375,0.8685425210825803,5139.884651646285
70,False,High,Master Protein,3.4900684279579576e+18,2995,NP_001596.2,"AARS1#16#alanine--tRNA ligase, cytoplasmic [Homo sapiens]",0,347.426,0,61,43,542,43,43,1,968,106.7,5.53,3454,893.18,59,57,260,282,42,38,0,7510.6,7671.8,6873.4,8083.3,8305.4,7485.9,8068.4,8250.3,7444.9,7063.4,7193.0,6468.2,7807.211614182412,7251.259927888948,7241.504309024786,7070.439379316653,6547.785825896814,8083.3,7155.971844170719,0.3949803254202255,7315.542912948407,0.8298633042633594,7529.23577103568
71,False,High,Master Protein,-6.133973718733185e+17,2000,NP_002145.3,HSPA4#3308#heat shock 70 kDa protein 4 [Homo sapiens],0,347.09,0,64,45,476,42,43,1,840,94.3,5.19,2399,641.1,63,57,231,245,44,38,2,8359.2,8943.2,7419.6,8227.9,8757.7,7392.3,7868.7,8431.5,7030.5,7635.4,8258.0,6704.5,8232.380999533474,7160.5937515774285,8059.7,8242.179600237845,7068.110645942911,8227.9,8150.939800118922,0.5504377606064805,7648.005322971456,0.9566543124412479,7696.487375555451
72,False,High,Master Protein,2.399497510241032e+18,2732,NP_004037.1,"ATP5F1A#498#ATP synthase subunit alpha, mitochondrial isoform a precursor [Homo sapiens]",0,345.788,0,61,34,1673,0,34,1,553,59.7,9.13,11319,2590.07,61,61,771,902,34,34,0,21845.4,21373.3,18019.4,22120.1,21896.4,18675.6,23192.4,23499.9,20028.9,23731.8,23836.6,20252.6,20582.973533939818,18090.226947899762,21062.705806775768,19697.935554361247,17165.76540157201,22120.1,20380.320680568508,0.557554011290889,19642.932700786005,0.9251512881373167,19336.60024091979
73,False,High,Master Protein,4.3885970742343967e+18,3223,NP_000691.1,ANXA1#301#annexin A1 [Homo sapiens],0,343.402,0,73,27,1777,1,27,1,346,38.7,7.02,13413,2881.23,73,71,850,927,27,25,0,34332.2,32293.7,31376.8,33367.4,31480.7,30823.8,31717.7,29868.0,28995.5,29850.0,28154.7,27346.9,29592.3720305575,29857.650484946815,33102.11890372284,29762.330637378214,29890.38413332545,33367.4,31432.22477055053,0.4922839046363623,31628.892066662724,0.4703953216163418,29725.011257752158
74,False,High,Master Protein,7.742249596596209e+18,4025,NP_055205.2,SND1#27044#staphylococcal nuclease domain-containing protein 1 [Homo sapiens],0,343.08,0,50,39,487,16,39,1,910,101.9,7.17,2437,754.63,50,50,236,251,39,36,0,8233.7,9737.9,6898.5,8025.7,9261.5,6604.3,7660.1,9035.4,6225.4,7581.5,8969.8,6222.1,8705.961225798927,6397.293036476173,7938.696512824194,8974.586359374283,6571.69676142072,8025.7,8456.641436099238,0.5754271728156393,7298.69838071036,0.8727675769654917,7551.627131137549
75,False,High,Master Protein,2.2140051413033344e+18,2703,NP_001275905.1,XRCC6#2547#X-ray repair cross-complementing protein 6 isoform 1 [Homo sapiens],0,338.87,0,59,39,688,0,39,1,609,69.8,6.64,2998,1123.91,59,49,322,366,39,32,0,13435.4,13559.3,15055.4,13970.2,14259.5,15636.5,13457.8,13604.9,15189.6,13235.5,13396.3,14706.6,13404.162835316072,15146.385319391862,12954.02590917791,12496.442643964687,14342.17923054193,13970.2,12725.234276571298,0.3119749541298681,14156.189615270965,0.9139773486093338,14275.274077353966
76,False,High,Master Protein,8.447085133855285e+18,4188,NP_001099008.1,MYBBP1A#10514#myb-binding protein 1A isoform 1 [Homo sapiens],0,335.286,0,38,37,486,0,37,1,1332,149.3,9.28,2666,706.95,38,36,249,237,37,32,0,5216.3,5800.6,6365.0,5482.9,5871.2,6696.5,5518.2,5893.2,6537.2,5390.2,5735.6,6511.0,5519.023867506415,6486.603094765939,5029.406296057039,5345.914995654759,6063.470303173571,5482.9,5187.660645855899,0.32232446199737586,5773.185151586786,0.7309135785418444,6002.813481136177
77,False,High,Master Protein,5.926930809007956e+18,3601,NP_006635.2,HSPH1#10808#heat shock protein 105 kDa isoform 1 [Homo sapiens],0,334.554,0,58,40,767,0,38,1,858,96.8,5.39,4138,1142.71,57,53,369,398,39,35,0,12806.6,11568.7,11963.8,12456.9,11293.7,11867.3,11738.4,10409.2,11009.0,11071.9,9746.9,10466.4,10616.262408444134,11495.328142539509,12347.755050722557,10661.877531674518,11397.037865374385,12456.9,11504.816291198538,0.696060553224106,11926.968932687192,0.3368856151205286,11055.795275491822
78,False,High,Master Protein,3.6024459098663526e+18,3023,NP_005372.2,NCL#4691#nucleolin [Homo sapiens],0,331.565,0,44,46,1393,46,46,1,710,76.6,4.7,5660,1675.31,44,43,671,722,46,38,0,33565.2,31611.3,30030.1,35616.8,33661.5,32571.9,35260.9,33846.4,32110.7,35532.5,33881.2,32360.1,31642.359639608116,31550.957566252026,32362.599583692216,29133.42114645748,28607.481469180304,35616.8,30748.01036507485,0.6919152683597618,32112.140734590153,0.907031093964976,31596.65860293007
79,False,High,Master Protein,3.619946986448956e+17,2232,NP_004030.1,ANXA2#302#annexin A2 isoform 2 [Homo sapiens],0,329.371,0,78,32,1609,1,32,1,339,38.6,7.75,12059,2648.59,78,75,796,813,32,28,0,30961.4,31073.3,26393.6,32972.8,33025.1,28247.0,31841.7,31657.5,26640.8,31716.3,31596.1,27101.9,31044.133248192207,27361.618400336516,29852.09058043832,28637.592737730407,25143.25369895396,32972.8,29244.841659084363,0.9857285956933632,29058.02684947698,0.9773688677549659,29202.87582426436
80,False,High,Master Protein,7.449371538365957e+18,3957,NP_003283.2,TPR#7175#nucleoprotein TPR [Homo sapiens],0,326.889,0,24,52,345,51,52,1,2363,267.1,5.02,1616,465.73,24,22,173,172,51,45,0,5183.3,6533.9,4461.3,5338.5,6821.9,4638.4,5657.6,7301.7,5021.4,5574.7,7131.8,4876.0,6412.697390949382,4493.012737215311,4997.588646042684,6021.734646434615,4249.954448318657,5338.5,5509.661646238649,0.9643531265201809,4794.227224159329,0.6246243610212315,5452.855064082347
81,False,High,Master Protein,-1.6580122763585546e+17,2102,NP_114032.2,HNRNPU#3192#heterogeneous nuclear ribonucleoprotein U isoform a [Homo sapiens],0,326.427,0,51,40,1083,2,2,1,825,90.5,6.0,3602,1466.31,51,45,530,553,40,33,40,24123.2,23981.9,21427.6,26021.2,25811.9,23327.8,26577.6,26186.5,23642.4,26623.8,26401.8,23902.6,24263.60746792629,22596.607134186645,23258.894994736336,22102.058206787722,20412.50844749128,26021.2,22680.476600762027,0.5449597862622559,23216.854223745642,0.9522824502808108,23430.107301056465
82,False,High,Master Protein,8.732346175470675e+18,4249,XP_006720201.1,KTN1#3895#kinectin isoform X1 [Homo sapiens],0,326.088,0,38,43,409,0,43,1,1357,156.2,5.64,2138,662.82,38,36,202,207,43,39,0,5415.9,6307.6,5803.1,5248.6,6081.9,5680.7,5239.3,6039.6,5775.4,5652.3,6523.5,6184.8,5717.085307907627,5502.642604410792,5221.854870083261,5813.173365960755,5528.189240588617,5248.6,5517.514118022008,0.8100409038041748,5388.394620294309,0.3428001120955869,5609.86395615921
83,False,High,Master Protein,-2.8471486159505505e+18,1486,NP_005564.1,LMNB1#4001#lamin-B1 isoform 1 [Homo sapiens],0,324.508,0,58,40,601,20,35,1,586,66.4,5.16,2674,830.01,58,53,322,279,40,32,3,11148.2,11824.9,10818.4,12058.2,12484.7,11302.5,12818.0,13540.8,12207.6,12753.6,13816.4,12333.2,11735.821855609984,10948.231386334955,10748.773511819312,10897.995075012577,10305.898998877134,12058.2,10823.384293415944,0.40792304537006174,11182.049499438566,0.8886828602516875,11342.026620972469
84,False,High,Master Protein,-4.13709015938099e+18,1172,NP_004492.2,HNRNPU#3192#heterogeneous nuclear ribonucleoprotein U isoform b [Homo sapiens],0,322.883,0,50,39,1083,1,1,1,806,88.9,5.78,3574,1465.98,50,47,529,554,39,33,0,54.2,312.2,0.0,75.5,312.0,0.0,81.0,307.8,0.0,75.2,275.0,0.0,293.2850944716585,0.0,52.25807972054742,287.72793532452084,0.0,75.5,169.99300752253413,0.9130040361291887,37.75,0.591365078332615,146.64254723582926
85,False,High,Master Protein,-5.1552258837676e+17,2018,NP_006363.4,SYNCRIP#10492#heterogeneous nuclear ribonucleoprotein Q isoform 1 [Homo sapiens],0,321.366,0,49,32,757,0,1,1,623,69.6,8.59,4204,1245.87,49,47,352,405,32,28,34,15377.9,11467.4,11192.4,15865.2,11941.3,11664.7,15570.3,11532.6,11415.5,15492.8,11617.6,11426.2,11225.01698273851,11299.078491677183,14826.928489568378,10568.518019027579,10662.181464452455,15865.2,12697.723254297978,0.6223126996046586,13263.690732226227,0.5824860504391018,11262.047737207846
86,False,High,Master Protein,2.749950876556131e+18,2815,NP_005337.2,HSPA1B#3304#heat shock 70 kDa protein 1B [Homo sapiens],0,318.307,0,71,36,842,17,29,1,641,70.0,5.66,3813,1095.92,71,68,396,446,36,34,0,4162.1,5041.8,5582.3,4905.3,6038.5,6844.9,4059.5,5109.3,5661.7,3820.6,4657.5,5095.5,5676.288599253558,6630.35160507181,4012.977003780266,4646.59418423821,5317.849218131316,4905.3,4329.785594009238,0.10286028828646973,5111.574609065658,0.23915190296701266,6153.320102162684
87,False,High,Master Protein,-7.233412111740596e+18,436,NP_000179.2,HK1#3098#hexokinase-1 isoform HKI [Homo sapiens],0,316.989,0,53,43,467,0,40,1,917,102.4,6.8,2675,679.87,53,51,227,240,43,41,3,8365.1,8300.3,8564.9,7754.3,7785.7,8004.2,8402.7,8495.7,8783.8,9164.2,9376.8,9699.6,7318.685128294845,7753.3141926566905,8065.388610154081,7649.673867950417,8159.154249748832,7754.3,7857.531239052249,0.39710337210999747,7956.727124874416,0.2928665305404533,7535.999660475767
88,False,High,Master Protein,-7.048585715635487e+18,483,NP_001060.1,TUBB2A#7280#tubulin beta-2A chain isoform 1 [Homo sapiens],0,310.568,0,62,23,1214,1,3,1,445,49.9,4.89,6059,1929.73,62,55,587,627,23,21,0,175.3,47.2,135.1,140.9,34.2,112.3,124.7,50.2,85.9,150.7,40.6,111.1,32.14855843247026,108.7800384592272,169.0192135611063,43.50018753144582,128.69989598723478,140.9,106.25970054627606,0.683119450768914,134.7999479936174,0.33656538822295845,70.46429844584873
89,False,High,Master Protein,-1.1192866155619178e+18,1881,NP_000282.1,PGK1#5230#phosphoglycerate kinase 1 [Homo sapiens],0,310.179,0,76,28,910,23,28,1,417,44.6,8.1,4162,1266.98,76,72,422,488,28,26,0,19506.7,26247.5,18959.5,18820.6,25831.2,18404.6,18429.4,25215.8,17804.7,19678.5,27024.1,19290.6,24281.74978306508,17827.72124511748,18807.798591970524,24190.067208297118,18061.329962768155,18820.6,21498.93290013382,0.9257314923478568,18440.964981384077,0.5657822481392012,21054.735514091277
90,False,High,Master Protein,3.002712347046388e+18,2869,NP_006422.1,CCT2#10576#T-complex protein 1 subunit beta isoform 1 [Homo sapiens],0,310.06,0,72,31,602,2,31,1,535,57.5,6.46,5361,979.8,72,70,292,310,30,28,0,9849.3,8518.4,8790.3,9746.0,8495.0,8681.5,9158.9,8054.6,8194.5,8847.0,7753.1,7889.8,7985.4387100536505,8409.384718466437,9496.411523830031,7850.677912454831,8373.876356007328,9746.0,8673.544718142432,0.6658035037316186,9059.938178003664,0.4165293116353515,8197.411714260044
91,False,High,Master Protein,2.4684982053632184e+18,2751,XP_016865667.1,SYNCRIP#10492#heterogeneous nuclear ribonucleoprotein Q isoform X4 [Homo sapiens],0,309.639,0,52,31,753,0,1,1,562,62.6,7.56,4200,1239.02,52,51,349,404,31,28,0,86.1,9.4,7.5,94.5,7.1,5.7,88.9,2.1,9.1,85.5,7.2,10.3,6.6741159318871,5.521337659996394,83.015141401091,8.663172940584548,7.1447018497724715,94.5,45.83915717083777,0.47874553532653613,50.82235092488624,0.4924413656576275,6.097726795941748
92,False,High,Master Protein,8.428260618384849e+18,4184,NP_004238.3,EFTUD2#9343#116 kDa U5 small nuclear ribonucleoprotein component isoform a [Homo sapiens],0,309.233,0,59,43,385,0,42,1,972,109.4,5.0,2416,645.05,59,59,184,201,43,42,0,4395.6,3658.8,5400.9,4425.6,3719.2,5365.5,4638.5,3827.4,5609.2,4564.0,3788.1,5567.1,3496.108728714719,5197.32231837029,4238.110981912145,3372.001825001143,5145.042696058152,4425.6,3805.056403456644,0.6441512044256466,4785.321348029076,0.7003889582146519,4346.715523542504
93,False,High,Master Protein,4.2865428164385024e+17,2249,XP_011526286.2,ILF3#3609#interleukin enhancer-binding factor 3 isoform X1 [Homo sapiens],0,308.806,0,53,36,937,0,36,1,898,95.7,8.81,4874,1423.74,52,48,450,487,35,33,0,16684.7,15585.6,16210.7,16974.0,15955.4,16412.3,17337.1,16430.7,17141.4,18095.0,16947.0,17754.2,14998.336526708654,15897.868434589265,16086.907430136855,14363.909381146226,15442.74910348088,16974.0,15225.408405641541,0.8459549504291193,16208.37455174044,0.4998766213821212,15448.102480648959
94,False,High,Master Protein,8.369123714013872e+18,4167,NP_006816.2,CKAP4#10970#cytoskeleton-associated protein 4 [Homo sapiens],0,306.921,0,67,36,670,34,35,1,602,66.0,5.92,3364,975.11,65,67,310,360,35,36,1,11283.3,12146.0,9158.3,11399.1,12234.8,9540.6,12206.2,13087.2,10000.5,11834.8,12848.3,9698.4,11500.911775134125,9241.556855958175,10879.033042635658,11193.925376206374,8724.443060102829,11399.1,11036.479209421017,0.6609002891931943,10061.771530051414,0.8763680002728443,10371.23431554615
95,False,High,Master Protein,2.7266839768154506e+18,2810,NP_005557.1,LDHA#3939#L-lactate dehydrogenase A chain isoform 1 [Homo sapiens],0,304.502,0,63,27,1333,0,25,1,332,36.7,8.27,10411,2179.66,63,62,652,681,27,23,2,29121.1,27689.7,24542.9,23964.1,23073.3,20787.6,25496.7,24087.2,21328.9,29716.7,28514.3,24539.3,21689.278750874735,20136.0278492879,28077.726297971094,25519.219124777017,23380.22707050411,23964.1,26798.472711374056,0.07989038824376006,23672.163535252053,0.14117246330818556,20912.653300081318
96,False,High,Master Protein,-4.535556334998408e+18,1089,NP_003312.3,"TUFM#7284#elongation factor Tu, mitochondrial isoform 1 precursor [Homo sapiens]",0,303.297,0,65,27,891,4,27,1,455,49.8,7.61,6162,1373.12,65,63,440,451,27,24,0,11191.8,9032.8,11415.5,11355.3,9342.0,11904.2,12326.3,9930.3,12615.2,12788.8,10377.2,13326.6,8781.632540237928,11531.071538970014,10790.811376686763,8324.756227416181,10874.712528810353,11355.3,9557.783802051472,0.7769150400706122,11115.006264405176,0.6113812301642709,10156.352039603971
97,False,High,Master Protein,3.945672141617061e+18,3104,NP_001352542.1,RRBP1#6238#ribosome-binding protein 1 isoform 1 [Homo sapiens],0,302.97,0,53,45,400,11,45,1,1410,152.4,8.6,1657,523.49,50,48,198,202,43,39,0,10181.8,12056.6,4352.6,9724.0,11500.8,4333.6,9137.9,10675.1,4011.1,9678.8,11503.8,4155.2,10810.939790062981,4197.766470764978,9816.998452004975,11111.53307185656,4146.403902842621,9724.0,10464.265761930768,0.5325474991235386,6935.201951421311,0.9076633675882805,7504.35313041398
98,False,High,Master Protein,8.288854614025876e+18,4142,NP_006752.1,YWHAE#7531#14-3-3 protein epsilon [Homo sapiens],0,298.463,0,78,25,1527,2,22,1,255,29.2,4.74,7950,2142.82,78,76,744,783,25,22,3,27128.5,23755.1,23937.1,26148.1,23214.3,23188.2,24454.7,21685.4,21551.2,24596.8,21593.1,21734.3,21821.821053184045,22461.382794303227,26156.51873983156,21893.03611924255,22803.125686425148,26148.1,24024.777429537055,0.5377497711173322,24475.612843212573,0.3897411014459737,22141.601923743634
99,False,High,Master Protein,5.1898763202107994e+17,2278,NP_001276052.1,TUBB4A#10382#tubulin beta-4A chain isoform 1 [Homo sapiens],0,298.434,0,68,25,1039,0,2,1,495,54.4,5.02,4583,1594.54,68,68,505,534,24,22,2,48.1,543.0,184.6,57.5,497.5,163.8,56.8,489.2,176.6,59.0,531.5,217.2,467.6581233963144,158.66580854515954,46.376635323954446,500.4364794401499,175.8549281957331,57.5,273.4065573820522,0.8997194954192458,116.67746409786655,0.4094037419696339,313.16196597073696
100,False,High,Master Protein,1.0742156292905946e+18,2426,XP_005249786.1,HNRNPA2B1#3181#heterogeneous nuclear ribonucleoproteins A2/B1 isoform X1 [Homo sapiens],0,295.277,0,63,27,1555,1,23,1,353,37.4,8.95,6484,2207.82,63,63,695,860,27,23,5,23743.2,26753.8,21826.8,24707.5,27599.8,22600.5,25416.3,28651.8,23088.6,26879.9,30628.8,24353.1,25944.26266153487,21892.103821885703,22892.50993396497,24656.680448703286,20792.797111281838,24707.5,23774.595191334127,0.9563860347232531,22750.148555640917,0.7187044852408208,23918.183241710285
101,False,High,Master Protein,6.400995593712089e+18,3708,NP_064505.1,UGGT1#56886#UDP-glucose:glycoprotein glucosyltransferase 1 precursor [Homo sapiens],0,293.968,0,42,45,374,0,43,1,1555,177.1,5.63,2096,556.45,42,40,182,192,45,43,2,5101.8,5510.6,4854.1,5079.1,5483.5,4656.0,5744.9,6184.6,5350.7,5395.7,6036.2,5124.2,5154.579536972242,4510.061078060213,4919.008692219351,5078.646894296299,4624.1462998640745,5079.1,4998.827793257826,0.6965752122414237,4851.623149932037,0.9658534940152111,4832.320307516227
102,False,High,Master Protein,-4.912222715256497e+18,990,XP_005245768.1,HNRNPR#10236#heterogeneous nuclear ribonucleoprotein R isoform X2 [Homo sapiens],0,290.338,0,48,30,844,0,3,1,633,70.9,8.13,4528,1347.76,48,46,370,474,29,27,23,12906.7,11554.1,9075.1,13466.0,12007.7,9375.9,13433.1,12150.8,9394.1,14105.0,12673.8,9848.2,11287.434066946584,9082.019257256174,12444.268589099434,10648.421965192332,8645.18450091602,13466.0,11546.345277145883,0.44288762104602697,11055.59225045801,0.7848573365197415,10184.726662101379
103,False,High,Master Protein,-6.49692500554696e+18,616,NP_006077.2,TUBB3#10381#tubulin beta-3 chain isoform 1 [Homo sapiens],0,287.567,0,62,24,924,2,9,1,450,50.4,4.93,5568,1428.13,62,62,459,465,24,22,2,1841.5,3207.4,2245.9,1413.3,2577.3,1841.4,1431.4,2659.8,1731.5,1556.9,2873.5,1909.5,2422.7040832750176,1783.6826608977826,1775.521287922289,2955.985201024562,2139.504784587199,1413.3,2365.753244473425,0.7429648210544195,1776.4023922935994,0.5698911926898892,2103.1933720864
104,False,High,Master Protein,-1.5764522561348872e+18,1782,NP_002131.2,HNRNPK#3190#heterogeneous nuclear ribonucleoprotein K isoform a [Homo sapiens],0,286.996,0,65,28,966,0,2,1,464,51.0,5.33,4760,1452.0,65,65,454,512,28,27,30,15473.4,14622.4,11865.6,16157.6,14812.5,12283.3,15842.1,14782.5,12263.5,16177.9,15013.2,12386.8,13923.991864940517,11898.288926146264,14919.006840367498,13476.210638979095,11303.489902488032,16157.6,14197.608739673296,0.4193209010641702,13730.544951244017,0.7969262401107124,12911.14039554339
105,False,High,Master Protein,8.372900262212064e+18,4168,NP_112420.1,HNRNPA1#3178#heterogeneous nuclear ribonucleoprotein A1 isoform b [Homo sapiens],0,283.57,0,50,22,877,0,17,1,372,38.7,9.13,5254,1460.88,50,49,420,457,22,17,1,21466.3,13552.9,13119.3,22341.1,14111.0,13680.1,22421.7,13927.3,13781.6,23650.3,14344.6,14247.0,13264.570410543503,13251.307249564328,20697.1885000957,12490.544313451948,12497.798263695997,22341.1,16593.866406773825,0.56543878030038,17419.449131848,0.5531526794274769,13257.938830053916
106,False,High,Master Protein,8.961190954250989e+18,4308,XP_016858683.1,IMMT#10989#MICOS complex subunit MIC60 isoform X1 [Homo sapiens],0,282.857,0,57,37,363,0,37,1,758,83.6,6.48,1584,543.15,55,56,173,190,36,33,0,6969.8,6553.6,5357.9,6995.5,6470.1,5416.1,7412.0,6947.0,5750.4,7761.5,7385.7,6140.4,6081.999646606018,5246.336298299381,6720.08051727438,6039.890445044138,5104.079738786123,6995.5,6379.9854811592595,0.31984650501139256,6049.789869393062,0.7584922444346338,5664.1679724527
107,False,High,Master Protein,-8.068807393478624e+17,1963,NP_006000.2,TUBA1A#7846#tubulin alpha-1A chain isoform 1 [Homo sapiens],0,282.481,0,75,26,1313,0,2,1,451,50.1,5.06,11045,2246.44,75,75,595,718,26,26,3,1050.5,933.1,1350.0,800.3,704.2,1158.1,849.8,678.9,1229.0,900.9,818.3,1278.7,661.9594984837883,1121.8002007090918,1012.8618587903147,859.9581564744087,1286.0463329590448,800.3,936.4100076323617,0.8799716543816577,1043.1731664795225,0.6954461926454912,891.87984959644
108,False,High,Master Protein,-9.165754455413116e+18,17,NP_001269633.1,PDIA6#10130#protein disulfide-isomerase A6 isoform a [Homo sapiens],0,281.648,0,49,18,734,0,18,1,492,53.9,5.33,5143,1480.45,49,47,322,412,18,16,0,8922.0,9365.5,12687.3,8432.4,8654.4,11787.2,8960.4,9415.7,12915.3,8864.8,9431.6,12855.2,8135.277312806158,11417.738818580614,8602.335558426643,8631.377252664317,12086.263437149102,8432.4,8616.85640554548,0.6083962070324458,10259.33171857455,0.8624904410997523,9776.508065693386
109,False,High,Master Protein,4.156195419215824e+18,3155,NP_001257376.1,"ACADVL#37#very long-chain specific acyl-CoA dehydrogenase, mitochondrial isoform 3 [Homo sapiens]",0,279.889,0,60,36,463,0,36,1,678,72.9,8.75,2920,739.3,60,60,221,242,36,36,0,4142.0,5579.1,7820.9,3974.4,5249.2,7454.9,4525.2,6495.2,9101.4,5148.3,7202.7,9893.6,4934.333711219967,7221.231600264407,3993.5971624078857,5141.777463065453,7450.399826251402,3974.4,4567.687312736669,0.39399443493358033,5712.3999131257015,0.8789554210698516,6077.782655742187
110,False,High,Master Protein,-3.622804810067189e+18,1282,NP_001339990.1,GSN#2934#gelsolin isoform b [Homo sapiens],0,279.77,0,57,35,496,2,35,1,731,80.6,5.85,2580,767.9,57,52,243,253,35,30,0,10494.0,11876.0,12149.1,10363.0,11740.5,12101.2,10031.0,11330.4,11721.1,9666.9,10875.8,11160.7,11036.261703988803,11721.896717745327,10118.01270456503,10945.089557700223,11573.559632409431,10363.0,10531.551131132626,0.25949409244667343,10968.279816204715,0.6280290209884007,11379.079210867065
111,False,High,Master Protein,-6.568070672358434e+18,602,XP_024308601.1,HDLBP#3069#vigilin isoform X1 [Homo sapiens],0,279.73,0,36,33,434,0,33,1,1268,141.4,6.87,1944,677.61,36,34,209,225,33,32,0,4414.6,4550.7,6152.7,4033.1,4151.2,5540.2,3881.2,3892.9,5275.0,3976.6,4044.4,5334.3,3902.1957825985537,5366.54647437053,4256.430234950713,4193.989478799798,5861.227609479344,4033.1,4225.209856875255,0.6755553467484751,4947.163804739672,0.8154739031201728,4634.371128484541
112,False,High,Master Protein,-8.533826193911875e+18,171,NP_060918.2,CAND1#55832#cullin-associated NEDD8-dissociated protein 1 isoform 1 [Homo sapiens],0,279.07,0,44,35,307,2,35,1,1230,136.3,5.78,1707,499.84,42,43,150,157,34,34,0,3635.4,3440.8,4652.3,3477.2,3310.8,4362.3,3370.6,3196.7,4036.2,3149.3,3109.9,4019.6,3112.2060601819453,4225.566890210925,3505.148026126902,3171.089941910991,4431.906188759529,3477.2,3338.1189840189463,0.6585541717789165,3954.5530943797644,0.7352053543486983,3668.8864751964347
113,False,High,Master Protein,-1.1661143066623826e+18,1872,NP_001091868.1,COPA#1314#coatomer subunit alpha isoform 1 [Homo sapiens],0,275.817,0,47,39,296,0,39,1,1233,139.2,7.59,912,401.74,46,38,147,149,38,33,0,4612.1,3784.5,4209.7,4480.1,3652.8,4066.8,4168.3,3420.2,3717.3,4043.6,3383.2,3673.2,3433.691644506648,3939.3291220479537,4446.854049430567,3487.848722727896,4010.273516931623,4480.1,3967.351386079232,0.6698786177560092,4245.186758465812,0.24755978155721656,3686.510383277301
114,False,High,Master Protein,-9.169618704545618e+18,16,NP_908932.1,ALDOA#226#fructose-bisphosphate aldolase A isoform 1 [Homo sapiens],0,275.625,0,84,31,788,1,26,1,364,39.4,8.09,3165,1069.29,84,80,352,436,31,27,5,17242.5,16510.3,16416.0,15506.8,14913.9,14797.4,15457.8,14560.7,14740.2,15937.3,15055.6,15354.5,14019.309520643807,14333.586296496604,16624.722132500716,15216.125978822665,15638.323408781986,15506.8,15920.42405566169,0.23127683356016554,15572.561704390992,0.04164449049261828,14176.447908570204
115,False,High,Master Protein,-3.7798658391153664e+18,1248,NP_005262.1,"GLUD1#2746#glutamate dehydrogenase 1, mitochondrial isoform a precursor [Homo sapiens]",0,274.65,0,55,28,738,1,28,1,558,61.4,7.8,3695,1136.35,55,54,339,399,27,27,0,16215.8,13916.0,10100.4,16880.4,14388.6,10403.7,18077.2,15774.1,10983.2,18603.7,16068.5,11514.0,13525.518943317005,10077.603616369208,15634.807548569239,12825.182408635592,9621.912875125583,16880.4,14229.994978602415,0.39276647304277423,13251.156437562793,0.7643582580732409,11801.561279843107
116,False,High,Master Protein,-1.6121902882938609e+18,1772,NP_001407.1,EIF4A1#1973#eukaryotic initiation factor 4A-I isoform 1 [Homo sapiens],0,272.916,0,75,25,631,2,14,1,406,46.1,5.48,3470,917.27,75,71,310,321,25,23,13,10059.6,13108.1,10820.3,9799.1,12680.6,10616.0,8420.6,10990.9,9192.7,8434.4,11016.8,9045.3,11919.971054350362,10283.249227810828,9699.176729830606,12080.61034281663,10307.708990012408,9799.1,10889.893536323618,0.8984387588894696,10053.404495006205,0.41028619930625565,11101.610141080595
117,False,High,Master Protein,-7.561791203154466e+18,376,NP_001290043.1,TUBA1C#84790#tubulin alpha-1C chain isoform a [Homo sapiens],0,271.844,0,64,26,1251,0,3,1,519,57.7,5.07,10671,2135.43,64,64,572,679,26,26,26,24867.1,28731.6,26574.4,17933.4,19945.6,18996.7,16904.1,18699.6,17873.9,19323.6,22242.6,20710.6,18749.189680429205,18401.26230274623,23976.14195975691,26479.448899967978,25315.488644879144,17933.4,25227.795429862446,0.11286169892973118,21624.444322439573,0.5602913642235708,18575.225991587715
118,False,High,Master Protein,6.942352143814959e+18,3826,NP_005989.3,CCT3#7203#T-complex protein 1 subunit gamma isoform a [Homo sapiens],0,267.93,0,70,34,371,2,34,1,545,60.5,6.49,2191,591.58,70,61,188,183,34,28,0,7371.3,7115.1,9402.9,7387.9,6986.2,9177.7,6955.4,6564.8,8491.9,6510.0,6049.0,7757.3,6567.142073711219,8890.031691605072,7107.195259115704,6557.3767861226725,8957.455603096743,7387.9,6832.286022619188,0.5794250520873705,8172.6778015483715,0.7850220246078663,7728.586882658146
119,False,High,Master Protein,-1.9266669854685683e+18,1695,NP_001095868.1,HNRNPR#10236#heterogeneous nuclear ribonucleoprotein R isoform 1 [Homo sapiens],0,265.54,0,48,28,833,0,1,1,636,71.2,8.13,4395,1325.2,48,46,364,469,27,26,0,124.8,27.9,111.3,133.3,34.6,103.1,131.9,29.6,109.4,141.8,23.7,111.7,32.52456496384418,99.86840574484705,120.32856732701693,25.71303457896903,106.02737545062348,133.3,73.02080095299297,0.9181890179929771,119.66368772531175,0.3349833017122315,66.19648535434561
120,False,High,Master Protein,7.379954125319752e+18,3939,NP_036205.1,CCT5#22948#T-complex protein 1 subunit epsilon isoform a [Homo sapiens],0,265.079,0,76,33,482,0,32,1,541,59.6,5.66,2440,780.75,73,71,237,245,32,28,1,6895.6,8745.2,9390.7,7051.1,8789.2,9421.4,6501.8,8184.2,8547.8,5955.1,7656.0,8340.6,8261.99151387917,9126.093092963163,6648.539013302709,8059.7,8945.833554754447,7051.1,7354.119506651354,0.2712892456141936,7998.4667773772235,0.5971461759112443,8694.042303421167
121,False,High,Master Protein,-9.142633453092605e+18,22,NP_001129172.1,YWHAZ#7534#14-3-3 protein zeta/delta [Homo sapiens],0,265.001,0,73,20,1304,16,16,1,245,27.7,4.79,7268,2102.56,73,73,588,716,20,20,0,21582.9,22490.9,21121.5,21356.9,22412.9,20625.4,19805.4,20753.1,19158.8,19737.6,20609.3,19166.9,21068.491967576396,19978.91188991046,20809.61086347976,20727.931520148195,20120.909349329235,21356.9,20768.771191813976,0.7308946212751122,20738.90467466462,0.81870254882606,20523.70192874343
122,False,High,Master Protein,-3.9595728786815887e+18,1215,NP_110379.2,TCP1#6950#T-complex protein 1 subunit alpha isoform a [Homo sapiens],0,264.838,0,71,29,556,10,29,1,556,60.3,6.11,3488,899.99,71,71,263,293,29,29,0,8081.6,7059.2,7210.7,7924.9,6930.8,7293.4,7549.2,6601.0,6730.6,7096.4,6182.4,6350.1,6515.065169115932,7064.793699897842,7792.046071394391,6505.858555550472,6869.106883753914,7924.9,7148.952313472431,0.6788944419097578,7397.003441876957,0.443636321189386,6789.9294345068865
123,False,High,Master Protein,-2.2629939587711631e+18,1626,NP_005909.2,"MDH2#4191#malate dehydrogenase, mitochondrial isoform 1 precursor [Homo sapiens]",0,262.31,0,78,20,762,0,20,1,338,35.5,8.68,6628,1372.6,78,78,357,405,20,20,0,14605.1,12634.2,14261.2,15296.3,13158.0,14800.0,16765.1,14635.9,16613.9,17525.6,14917.1,16844.8,12368.734849545137,14336.104801394145,14081.816976504928,11643.857400631203,13585.60293599669,15296.3,12862.837188568064,0.785357373852787,14440.951467998344,0.4930106867613544,13352.419825469642
124,False,High,Master Protein,-4.6902193141206374e+17,2032,NP_057535.1,COPB1#1315#coatomer subunit beta [Homo sapiens],0,261.148,0,46,33,315,33,33,1,953,107.1,6.05,1393,497.19,46,42,158,157,33,30,0,4121.7,4053.6,4391.5,3993.7,3925.5,4232.3,3761.5,3723.4,4027.1,3689.2,3613.8,4066.9,3690.0340972708186,4099.641645333814,3974.024486792994,3735.855088505694,4183.461089770108,3993.7,3854.939787649344,0.8850003118540344,4088.5805448850538,0.5117425511440366,3894.8378713023167
125,False,High,Master Protein,3.406961842154121e+18,2971,XP_011526432.1,PRKCSH#5589#glucosidase 2 subunit beta isoform X1 [Homo sapiens],0,255.909,0,51,25,666,1,25,1,535,60.2,4.41,2794,878.45,51,50,303,363,24,21,0,19613.1,20010.4,14995.9,21168.3,20974.6,15856.9,23855.2,24063.3,17979.1,22586.4,22748.0,17051.4,19716.466482388616,15359.877042245056,18910.386408986502,18441.86763939075,14285.4979292004,21168.3,18676.127024188627,0.6934488593873601,17726.8989646002,0.9679183052034955,17538.171762316837
126,False,High,Master Protein,-7.575182119282234e+18,371,NP_002620.1,PGAM1#5223#phosphoglycerate mutase 1 isoform 1 [Homo sapiens],0,255.741,0,81,20,512,5,14,1,254,28.8,7.18,2100,887.95,81,81,235,277,20,18,8,7371.4,7171.1,7705.0,6848.9,6570.3,7144.8,6772.6,6495.7,6912.2,6870.9,6627.7,7115.1,6176.189282715185,6920.851458446006,7107.29167623696,6608.987178109133,7339.990366999586,6848.9,6858.139427173046,0.5698016399406869,7094.445183499793,0.3615681686285048,6548.520370580596
127,False,High,Master Protein,-3.283541064302857e+18,1363,NP_036565.2,SF3B1#23451#splicing factor 3B subunit 1 isoform 1 [Homo sapiens],0,255.664,0,36,33,368,29,33,1,1304,145.7,7.09,1499,543.51,34,35,175,193,31,31,0,6191.4,4535.5,4681.6,5983.9,4510.1,4627.8,6320.0,4800.7,4880.9,6454.6,4812.4,5008.4,4239.567642873805,4482.744986479178,5969.569645420614,4179.980943832044,4459.818157319307,5983.9,5074.775294626329,0.570398354316431,5221.859078659653,0.4582226488964455,4361.156314676491
128,False,High,Master Protein,-2.6518735679542067e+18,1525,NP_064502.9,"LARS1#51520#leucine--tRNA ligase, cytoplasmic isoform 1 [Homo sapiens]",0,253.97,0,34,33,388,0,33,1,1176,134.4,7.3,2891,631.67,32,34,185,203,32,32,0,7086.9,6035.7,5581.3,7008.9,6066.5,5516.7,6828.8,5937.1,5334.0,6711.9,5653.0,5253.3,5702.609056449732,5343.783064719668,6832.984966264714,5562.586480583634,5316.896591218013,7008.9,6197.785723424174,0.47384570423605643,6162.898295609006,0.5861034716023432,5523.1960605847
129,False,High,Master Protein,6.71348607938673e+18,3784,XP_011543629.1,SERPINH1#871#serpin H1 isoform X1 [Homo sapiens],0,251.047,0,56,21,381,21,21,1,418,46.4,8.69,2136,693.04,56,52,184,197,21,18,0,7308.5,6203.7,6384.0,7204.7,6246.4,6137.3,7736.2,6782.5,6652.1,7640.1,6524.2,6546.5,5871.717993935153,5944.930810648399,7046.645306967173,5717.417656543017,6081.570214526328,7204.7,6382.031481755095,0.6056556481314666,6643.135107263164,0.41471586692474044,5908.324402291775
130,False,High,Master Protein,8.956218171446358e+18,4305,NP_001171725.1,ESYT1#23344#extended synaptotagmin-1 isoform 1 [Homo sapiens],0,250.916,0,44,31,296,0,31,1,1114,123.9,5.78,1935,524.57,41,37,148,148,29,26,0,3155.5,4189.1,4631.5,2986.3,3905.6,4432.2,3152.2,4075.6,4720.0,3283.9,4249.3,4860.4,3671.327772334966,4293.275925725617,3042.4422612211692,3860.733804830078,4412.091548962827,2986.3,3451.5880330256236,0.41683034795046603,3699.1957744814135,0.7641500235661951,3982.301849030291
131,False,High,Master Protein,-7.224600777690592e+18,438,NP_006421.2,CCT4#10575#T-complex protein 1 subunit delta isoform a [Homo sapiens],0,250.018,0,63,28,393,2,27,1,539,57.9,7.83,2610,661.72,63,59,188,205,28,27,0,5979.3,6794.0,6562.0,5743.1,6581.3,6212.5,5332.4,5990.5,5730.3,5042.1,5659.1,5416.1,6186.529462327969,6017.773721531157,5765.068931237439,6261.446484928874,6251.137805094261,5743.1,6013.257708083156,0.7833351809575225,5997.11890254713,0.7523430002473341,6102.151591929563
132,False,High,Master Protein,7.061207721996529e+18,3857,NP_001145.1,ANXA5#308#annexin A5 [Homo sapiens],0,249.759,0,76,27,924,14,26,1,320,35.9,5.05,6745,1459.2,76,76,461,463,26,24,1,23955.6,20795.9,21835.5,23630.3,20679.2,21240.1,22169.4,19448.6,19935.2,21546.8,18688.6,19092.0,19438.785658968976,20574.34456703323,23097.299899511912,19165.795548415128,20801.084965427573,23630.3,21131.547723963522,0.6690971526647786,22215.692482713785,0.3405273143886085,20006.565113001103
133,False,High,Master Protein,1.4736425836664271e+18,2515,NP_733765.1,ATP2A2#488#sarcoplasmic/endoplasmic reticulum calcium ATPase 2 isoform b [Homo sapiens],0,249.401,0,30,26,363,0,26,1,1042,114.7,5.34,2491,605.78,30,28,175,188,26,23,0,4755.8,4721.6,5216.9,4683.3,4558.3,5247.7,4789.3,4614.3,5452.1,4821.8,4683.3,5298.2,4284.876429904362,5083.214673397031,4585.405452674897,4351.493335772767,4969.7593440104,4683.3,4468.449394223831,0.685107478548449,4826.5296720052,0.7844243202650538,4684.045551650697
134,False,High,Master Protein,6.189837904598167e+18,3667,XP_005252022.1,HNRNPK#3190#heterogeneous nuclear ribonucleoprotein K isoform X3 [Homo sapiens],0,248.893,0,63,27,931,0,1,1,440,48.5,5.54,4608,1351.34,63,63,435,496,27,27,0,153.7,218.6,244.1,172.6,247.3,267.7,146.5,239.9,271.4,147.6,233.0,252.8,232.46603802192675,259.3091388738657,148.19311536989184,201.4648515757215,232.53622953726136,172.6,174.82898347280667,0.18302831799614533,202.56811476863066,0.36375101217937583,245.88758844789623
135,False,High,Master Protein,5.778599060552415e+18,3564,NP_005959.2,HNRNPM#4670#heterogeneous nuclear ribonucleoprotein M isoform a [Homo sapiens],0,247.012,0,56,33,422,0,33,1,730,77.5,8.7,3048,547.19,56,54,221,201,33,30,0,9382.0,9918.0,11364.2,9891.6,10573.9,12059.8,9558.0,10189.6,11675.5,9869.5,10531.5,12186.8,9939.638655236762,11681.794370530615,9045.854316202507,9140.569066459313,10825.84276815791,9891.6,9093.211691330911,0.29805535396037725,10358.721384078955,0.7039490385830443,10810.71651288369
136,False,High,Master Protein,3.851021478040608e+18,3078,NP_004035.2,ATIC#471#bifunctional purine biosynthesis protein PURH [Homo sapiens],0,246.432,0,61,28,334,0,28,1,592,64.6,6.71,1530,531.35,61,57,157,177,28,25,0,4300.3,4527.0,4674.6,4327.3,4656.6,4853.8,4077.5,4383.3,4419.6,3792.9,3955.8,4086.7,4377.280034989503,4701.661181419386,4146.2254653555365,4172.147223619813,4453.149768926186,4327.3,4159.186344487674,0.2548569656084921,4390.224884463093,0.5204866810539738,4539.470608204445
137,False,High,Master Protein,-3.013475598512256e+18,1433,NP_001302466.1,LDHB#3945#L-lactate dehydrogenase B chain isoform LDHBx [Homo sapiens],0,245.312,0,56,21,1008,0,19,1,341,37.4,6.25,6676,1726.47,56,56,478,530,21,18,0,17800.4,17700.0,18200.7,16566.6,16682.4,16745.0,15354.7,15448.6,15175.1,15151.4,15322.2,15257.8,15681.728397480756,16220.140195901688,17162.633251985837,16312.57032429218,17338.476660953842,16566.6,16737.601788139007,0.27982825794139354,16952.53833047692,0.1820616690190701,15950.934296691223
138,False,High,Master Protein,5.188932186925581e+18,3432,NP_001184222.1,DPYSL2#1808#dihydropyrimidinase-related protein 2 isoform 1 [Homo sapiens],0,244.341,0,56,26,508,0,26,1,677,73.5,6.35,2592,818.01,56,55,245,263,26,24,0,9617.2,9294.9,7918.0,8495.8,8365.2,7009.5,7724.1,7640.8,6697.0,8163.3,7936.5,6967.0,7863.424590622813,6789.792338200828,9272.627385395732,8566.311294195672,7542.899899533124,8495.8,8919.469339795702,0.15063269542053698,8019.349949766562,0.437526799854817,7326.608464411821
139,False,High,Master Protein,-6.979633451004201e+18,505,XP_016883528.1,YWHAB#7529#14-3-3 protein beta/alpha isoform X1 [Homo sapiens],0,242.124,0,69,18,825,10,11,1,246,28.1,4.83,4167,1323.56,69,69,394,431,18,17,0,5645.6,5608.1,4737.8,5253.7,5336.3,4413.7,4801.6,5066.7,4163.5,5096.0,5272.8,4517.4,5016.209133426639,4275.355794723874,5443.324997607427,5168.504273201299,4513.355789846935,5253.7,5305.914635404362,0.30192216976664266,4883.527894923467,0.6943453156909041,4645.782464075257
140,False,High,Master Protein,-1.5388965934664973e+18,1789,NP_005498.1,CFL1#1072#cofilin-1 [Homo sapiens],0,240.908,0,80,19,929,14,14,1,166,18.5,8.09,4573,1376.12,80,69,458,471,18,13,6,20049.9,24535.2,22095.3,20487.4,25034.8,22507.3,18823.0,22886.1,20513.3,17981.1,22218.0,19860.2,23533.1207790996,21801.825107866112,19331.536394631064,22611.98731189681,21048.577437503693,20487.4,20971.76185326394,0.4822062966776063,20767.988718751847,0.24912575458145542,22667.472943482855
141,False,High,Master Protein,-8.012908085941337e+18,277,NP_006420.1,CCT7#10574#T-complex protein 1 subunit eta isoform a [Homo sapiens],0,237.581,0,69,31,343,2,31,1,543,59.3,7.65,1774,518.94,69,67,171,172,31,27,0,5071.6,5988.8,6082.0,5114.7,6138.2,6064.5,4776.7,5705.5,5612.0,4512.1,5397.3,5345.0,5770.008227198507,5874.412673517216,4889.8907216001535,5519.362777294972,5793.876886708823,5114.7,5204.626749447563,0.2934031193714245,5454.288443354411,0.47182858544841033,5822.210450357861
142,False,High,Master Protein,6.236408574134144e+17,2307,NP_036611.2,YWHAG#7532#14-3-3 protein gamma [Homo sapiens],0,237.533,0,67,19,850,13,13,1,247,28.3,4.89,4331,1262.49,67,63,392,458,19,17,5,10735.5,10298.8,6876.8,10407.2,10145.8,6584.7,9517.0,9350.9,5977.3,9418.4,9327.4,6156.9,9537.217665033822,6378.307384171624,10350.860052397358,9491.519731967248,6551.024757402044,10407.2,9921.189892182303,0.42210489920130984,8479.112378701022,0.8543450603203749,7957.762524602724
143,False,High,Master Protein,8.92484322164892e+18,4297,NP_001264153.1,TAGLN2#8407#transgelin-2 isoform a [Homo sapiens],0,237.212,0,76,15,511,0,14,1,220,24.4,8.25,2981,863.88,76,76,213,298,15,14,1,8519.1,9383.3,9980.5,8030.0,8769.0,9286.0,7908.9,8540.9,9020.7,7718.5,8372.3,8904.9,8243.003184044786,8994.937107145002,8213.87097688774,8647.78198440287,9507.692908220553,8030.0,8430.826480645304,0.7159944438313985,8768.846454110277,0.8780760523279623,8618.970145594894
144,False,High,Master Protein,-4.234591865668603e+18,1155,NP_001091974.1,DDX17#10521#probable ATP-dependent RNA helicase DDX17 isoform 3 [Homo sapiens],0,236.832,0,44,32,532,0,24,1,731,80.4,8.37,3070,774.14,44,44,260,272,32,32,7,6837.8,7477.0,8431.4,7123.9,8030.6,8993.7,7119.4,7942.4,8638.3,6994.6,7993.4,8738.8,7548.895127128529,8711.799037317469,6592.809917216959,6890.908944335177,8031.978556822882,7123.9,6741.859430776068,0.2360353313551414,7577.939278411441,0.5360130615243086,8130.347082222999
145,False,High,Master Protein,-1.037081558044958e+18,1902,XP_016865310.1,VDAC1#7416#voltage-dependent anion-selective channel protein 1 isoform X1 [Homo sapiens],0,236.551,0,87,21,1304,20,20,1,283,30.8,8.54,6564,1866.83,87,82,585,719,21,19,2,18712.8,17152.6,18286.1,19100.0,17853.4,19155.0,20731.8,19382.1,20862.0,20966.1,19804.7,21488.0,16782.487518077913,18554.600504777354,18042.343066322133,15808.078742624522,17419.830999349917,19100.0,16925.21090447333,0.6564738020157381,18259.915499674957,0.676117673471903,17668.544011427635
146,False,High,Master Protein,6.102726942936219e+18,3647,NP_003741.1,EIF3A#8661#eukaryotic translation initiation factor 3 subunit A [Homo sapiens],0,235.486,0,25,30,388,30,30,1,1382,166.5,6.79,2117,611.25,24,24,187,201,29,28,0,4593.5,5199.5,7224.9,4450.3,4949.2,7091.7,4130.6,4559.5,6550.1,4118.9,4548.4,6379.8,4652.328812689526,6869.415839192356,4428.920464877021,4791.932734528655,6882.634185922817,4450.3,4610.426599702838,0.4854297477814179,5666.4670929614085,0.9595067220425055,5760.872325940941
147,False,High,Master Protein,5.790253934220923e+18,3568,XP_006713191.1,IMPDH2#3615#inosine-5'-monophosphate dehydrogenase 2 isoform X1 [Homo sapiens],0,235.375,0,52,26,309,0,23,1,608,66.1,8.5,1810,530.88,52,49,150,159,26,23,3,4222.2,5323.0,5616.8,4427.1,5775.8,6026.6,4137.4,5428.0,5687.9,3790.9,4901.6,5087.0,5429.346309773735,5837.700621356889,4070.9236936548946,4905.752081141654,5350.71484664027,4427.1,4488.337887398275,0.17802804722347867,4888.907423320135,0.32799209588875056,5633.523465565312
148,False,High,Master Protein,4.936048942270731e+18,3365,NP_006383.2,NOP56#10528#nucleolar protein 56 [Homo sapiens],0,234.771,0,61,27,405,27,27,1,594,66.0,9.19,2557,655.71,61,54,206,199,27,24,0,6548.0,5965.5,5849.0,6897.9,6227.3,6225.6,7355.9,6824.4,6437.4,7109.4,6641.7,6452.3,5853.763682062048,6030.463111591851,6313.393099818164,5497.889167772034,5571.914815909225,6897.9,5905.641133795099,0.9435430820366545,6234.907407954612,0.7353235771899636,5942.11339682695
149,False,High,Master Protein,1.7347905829773722e+18,2589,NP_002878.2,"RARS1#5917#arginine--tRNA ligase, cytoplasmic [Homo sapiens]",0,232.408,0,48,32,369,32,32,1,660,75.3,6.68,1924,502.87,43,48,182,187,30,30,0,8565.0,8484.3,5988.2,8613.9,8433.8,6025.7,8251.1,7938.5,5693.1,7902.8,7614.5,5423.4,7927.90971075344,5836.828831200048,8258.12643554407,7819.250870191646,5704.520482241001,8613.9,8038.688652867859,0.46314602044776154,7159.2102411205005,0.892633270399898,6882.369270976744
150,False,High,Master Protein,-4.630001761870028e+18,1063,NP_005403.2,"SHMT2#6472#serine hydroxymethyltransferase, mitochondrial isoform 1 precursor [Homo sapiens]",0,230.6,0,58,23,682,0,22,1,504,56.0,8.53,4633,1161.6,58,58,327,355,23,23,1,6292.9,6332.9,8155.0,6282.0,6349.8,8320.5,6613.4,6730.7,8722.4,6731.5,7013.6,8944.6,5968.915682295312,8059.7,6067.43302349507,5836.4902037689235,7768.672477985934,6282.0,5951.961613631996,0.49360700896518184,7025.336238992967,0.9939941641300186,7014.307841147656
151,False,High,Master Protein,-4.739744454313001e+18,1035,NP_055752.1,INPP5F#22876#phosphatidylinositide phosphatase SAC2 isoform 1 [Homo sapiens],0,228.585,0,35,31,277,0,31,1,1132,128.3,7.02,1089,432.1,35,33,131,146,31,29,0,3686.8,3938.8,6089.7,3554.3,3736.9,5982.4,3836.1,4162.4,6472.0,3806.9,4138.9,6416.1,3512.7470177280147,5794.886038098671,3554.706426452292,3630.0537849334487,5801.212113941256,3554.3,3592.3801056928705,0.5229095847287342,4677.7560569706275,0.9894296583944704,4653.816527913343
152,False,High,Master Protein,-6.936751801547794e+18,515,NP_001337407.1,CAP1#10487#adenylyl cyclase-associated protein 1 isoform a [Homo sapiens],0,227.649,0,59,25,393,0,1,1,475,51.6,8.02,1997,566.81,59,59,189,204,25,22,0,43.8,229.8,413.9,34.1,208.8,380.4,42.4,203.9,378.6,41.1,182.8,344.2,196.27540937718686,368.4766396250225,42.23069910996267,211.78692997301374,394.2922794161101,34.1,127.0088145414882,0.3273101230506833,214.19613970805506,0.7760034311449001,282.37602450110467
153,False,High,Master Protein,4.804495115062909e+18,3326,NP_038203.2,"IARS1#3376#isoleucine--tRNA ligase, cytoplasmic isoform 1 [Homo sapiens]",0,225.937,0,32,33,336,33,33,1,1262,144.4,6.15,1335,457.49,32,32,162,174,33,31,0,5872.5,4978.3,6232.5,5738.9,4973.7,6335.0,5563.2,4812.8,6121.6,5301.6,4633.9,5855.8,4675.359212736179,6136.4340484345885,5662.095445736433,4588.071686182134,5937.247237160924,5738.9,5125.083565959283,0.7883478819624824,5838.073618580462,0.6596247395766195,5405.896630585384
154,False,High,Master Protein,9.124965961007811e+18,4351,NP_003277.1,TOP1#7150#DNA topoisomerase 1 [Homo sapiens],0,225.761,0,45,36,512,32,36,1,765,90.7,9.31,1266,545.38,45,41,247,265,35,31,0,7124.0,8225.4,8121.2,7090.9,8189.9,7895.8,7478.1,8432.9,8109.6,7510.4,8526.6,8411.5,7698.639728248192,7648.311911543777,6868.75571825055,7580.6449686685255,7736.473688316292,7090.9,7224.700343459537,0.4260971848574013,7413.686844158146,0.5682091893437755,7673.475819895984
155,False,High,Master Protein,5.335677543697525e+18,3472,NP_001307524.1,DDX5#1655#probable ATP-dependent RNA helicase DDX5 isoform a [Homo sapiens],0,225.109,0,51,30,454,0,23,1,614,69.1,8.92,2639,645.39,51,51,224,230,30,29,0,5753.4,4706.0,6342.0,5691.5,4742.9,6278.1,5190.9,4395.1,5661.5,5373.1,4607.5,5906.0,4458.403444133426,6081.317537407607,5547.262654320987,4337.116155147966,6041.559884167602,5691.5,4942.189404734477,0.7790562258708263,5866.529942083801,0.5947750919864929,5269.860490770517
156,False,High,Master Protein,-4.59588785408189e+18,1073,NP_002798.2,PSMD1#5707#26S proteasome non-ATPase regulatory subunit 1 isoform 1 [Homo sapiens],0,223.629,0,34,23,281,0,23,1,953,105.8,5.39,1863,456.62,32,32,134,147,22,22,0,2701.1,2671.6,3765.5,2720.7,2677.2,3826.0,2671.0,2589.9,3666.4,2509.5,2495.0,3570.8,2516.611714485654,3706.0768223063515,2604.3228622356205,2462.1843434112425,3587.116642042432,2720.7,2533.2536028234317,0.5076920250251012,3153.9083210212157,0.9595617446463753,3111.344268396003
157,False,High,Master Protein,-1.0348152531040134e+18,1903,NP_006576.2,CCT8#10694#T-complex protein 1 subunit theta isoform 1 [Homo sapiens],0,222.382,0,60,31,379,1,31,1,548,59.6,5.6,2275,557.21,60,59,182,197,31,30,0,6198.6,7757.1,6841.6,6304.0,7798.4,6839.2,6061.1,7411.8,6431.8,5501.7,6833.8,6007.9,7330.623335665967,6624.830267411813,5976.511678151019,7149.053065681745,6517.4922900537795,6304.0,6562.782371916382,0.617386880538902,6410.746145026889,0.3387067038651167,6977.72680153889
158,False,High,Master Protein,-2.2452179096500692e+18,1629,NP_002215.2,"ITPR3#3710#inositol 1,4,5-trisphosphate receptor type 3 [Homo sapiens]",0,220.021,0,24,42,184,0,37,1,2671,303.9,6.48,659,263.01,23,24,87,97,40,41,5,2744.9,3048.6,2919.6,2666.3,2935.2,2885.4,2834.9,3138.0,3000.3,2967.4,3201.1,3116.9,2759.1359272218333,2794.9592428339643,2646.553561345583,2809.6328751772394,2781.2895360794278,2666.3,2728.0932182614115,0.6552747864771687,2723.7947680397137,0.5189333445368391,2777.047585027899
159,False,High,Master Protein,2.6134710795696123e+18,2782,NP_001524.2,HNRNPL#3191#heterogeneous nuclear ribonucleoprotein L isoform a [Homo sapiens],0,219.41,0,75,24,442,0,23,1,589,64.1,8.22,1830,629.95,62,71,207,235,22,22,1,6029.8,7389.6,7356.9,6356.1,7936.9,8014.2,6647.3,8124.8,8394.5,6532.6,8018.1,8381.6,7460.815597154186,7763.00074995493,5813.759577471528,6810.359868270593,7008.380938478813,6356.1,6312.059722871061,0.21044106373623941,6682.240469239407,0.17228726689237217,7611.908173554559
160,False,High,Master Protein,-9.517702952766802e+17,1927,NP_001609.2,PARP1#142#poly [ADP-ribose] polymerase 1 [Homo sapiens],0,219.241,0,39,31,239,31,31,1,1014,113.0,8.88,1045,363.46,38,37,116,123,30,27,0,3827.0,4577.5,4228.3,3690.5,4586.5,4317.0,3667.7,4366.4,4159.9,3595.7,4243.8,4026.0,4311.384890366224,4181.6867856499,3689.8832304526745,4218.68873782189,4027.992377519059,3690.5,3954.285984137282,0.46194272022581606,3859.2461887595296,0.23115361750356625,4246.535838008062
161,False,High,Master Protein,8.957423501143175e+18,4306,NP_005991.1,TUBA4A#7277#tubulin alpha-4A chain isoform 1 [Homo sapiens],0,219.036,0,51,20,581,0,2,1,448,49.9,5.06,3737,972.71,51,51,245,336,20,20,0,1059.2,1175.4,1217.5,765.9,850.9,826.2,709.7,787.3,774.5,829.2,941.3,988.6,799.8598938651737,800.30336398053,1021.250148339554,1083.2652632301147,1159.8232669463978,765.9,1052.2577057848343,0.07787450241098248,962.8616334731989,0.5603086586187659,800.0816289228519
162,False,High,Master Protein,-7.740854368523393e+18,334,NP_004719.2,DDX21#9188#nucleolar RNA helicase 2 isoform 1 [Homo sapiens],0,218.682,0,39,27,261,0,26,1,783,87.3,9.28,1216,400.82,39,37,122,139,27,25,1,3863.8,3523.4,2923.7,3897.7,3524.2,3124.2,4089.7,3736.4,3282.6,4002.5,3656.7,3194.7,3312.8055446699323,3026.274231115918,3725.3647310747438,3247.215270091021,2785.1953064239697,3897.7,3486.2900005828824,0.3950882936451937,3341.4476532119847,0.8102712039971012,3169.5398878929254
163,False,High,Master Protein,-1.0881370772428978e+18,1886,NP_000405.1,HSD17B4#3295#peroxisomal multifunctional enzyme type 2 isoform 2 [Homo sapiens],0,218.058,0,54,28,222,3,28,1,736,79.6,8.84,1317,352.23,54,52,111,111,27,25,0,2965.2,3087.7,4257.0,3051.3,3116.3,4362.7,3231.8,3422.8,4613.4,3024.1,3238.5,4495.4,2929.3728843013764,4225.954352502854,2858.9604794717193,2845.6679881535006,4055.3327699308547,3051.3,2852.31423381261,0.4643104142158352,3553.3163849654275,0.979156216966375,3577.6636184021154
164,False,High,Master Protein,3.930283768056647e+18,3099,NP_006810.1,STIP1#10963#stress-induced-phosphoprotein 1 isoform b [Homo sapiens],0,217.272,0,52,35,324,0,35,1,543,62.6,6.8,1276,414.66,52,49,163,161,35,29,0,7977.4,9604.0,7025.6,7773.2,9677.4,7073.3,7006.6,8694.5,6368.6,6946.7,8576.7,6352.3,9096.91401679496,6851.592573763595,7691.579431046032,8851.182225678085,6692.77564210153,7773.2,8271.380828362058,0.8421824427868707,7232.987821050765,0.631706164551048,7974.253295279278
165,False,High,Master Protein,-3.9704437046129316e+18,1212,NP_000959.2,RPL4#6124#60S ribosomal protein L4 [Homo sapiens],0,214.635,0,52,27,454,27,27,1,427,47.7,11.06,2056,683.42,52,42,241,213,27,19,0,11363.6,11159.7,12506.1,11847.3,11738.8,13237.8,11771.2,11474.6,12828.2,10937.6,10664.2,11958.5,11034.663676230462,12822.870820263204,10956.455991003922,10284.937347344829,11913.6474404586,11847.3,10620.696669174376,0.3631276442754929,11880.4737202293,0.9656527264850663,11928.767248246833
166,False,High,Master Protein,3.3907998309615365e+18,2967,NP_705935.1,TPM3#7170#tropomyosin alpha-3 chain isoform Tpm3.1cy [Homo sapiens],0,214.122,0,67,30,525,0,10,1,248,29.0,4.78,2461,605.06,67,51,296,229,29,18,22,12323.1,12333.6,11520.6,12130.7,11997.3,11148.5,11571.3,11646.2,10859.1,12411.5,12763.8,12148.3,11277.657897130859,10799.05840394207,11881.578269451622,11366.82018936102,10974.833617398499,12130.7,11624.19922940632,0.23809934937807578,11552.766808699249,0.5319842349040433,11038.358150536464
167,False,High,Master Protein,5.468726202432711e+18,3500,NP_001337414.1,CAP1#10487#adenylyl cyclase-associated protein 1 isoform b [Homo sapiens],0,214.014,0,59,25,383,0,1,1,474,51.6,8.02,1968,540.17,59,59,188,195,25,22,26,6868.3,6751.0,5728.1,6602.5,6502.6,5460.3,6440.9,6407.0,5416.3,6300.3,6255.2,5287.0,6112.55017728015,5289.150881557598,6622.217139199923,6221.817076796413,5456.742222090893,6602.5,6422.017107998168,0.2994721269853455,6029.621111045446,0.6910714657197053,5700.850529418874
168,False,High,Master Protein,2.9218257312440545e+18,2851,NP_004484.1,HSD17B10#3028#3-hydroxyacyl-CoA dehydrogenase type-2 isoform 1 [Homo sapiens],0,210.402,0,72,13,354,3,13,1,261,26.9,7.78,2866,617.76,72,72,165,189,13,13,0,3545.1,4405.7,5429.6,3421.8,4456.1,5353.7,3568.3,4587.0,5760.1,3722.2,4700.8,5873.1,4188.806761138326,5185.892180758367,3418.0833656330747,4060.3554281205684,5172.383088469948,3421.8,3739.2193968768215,0.27128648514612475,4297.091544234974,0.7440731826120552,4687.349470948347
169,False,High,Master Protein,-7.146574646182382e+18,455,NP_001317309.1,DNM1L#10059#dynamin-1-like protein isoform 8 [Homo sapiens],0,208.487,0,50,25,353,0,25,1,712,79.6,7.08,2829,610.93,46,49,172,181,23,24,0,4983.7,4673.6,3535.3,4896.5,4657.3,3459.7,4586.7,4283.9,3302.1,4525.3,4216.0,3214.6,4377.938046419407,3351.258228471846,4805.14007201646,4307.255856927229,3367.821926600083,4896.5,4556.197964471845,0.387078925739967,4132.160963300042,0.8021195725425923,3864.598137445627
170,False,High,Master Protein,-3236565185957520.0,2139,XP_011532966.1,CANX#821#calnexin isoform X3 [Homo sapiens],0,207.257,0,41,27,553,0,27,1,646,73.4,4.65,2594,772.75,41,38,271,282,26,22,0,13773.1,13321.4,11447.8,13757.7,13535.3,11230.2,15180.0,14968.7,12394.9,15631.1,15235.0,12687.1,12723.403010263586,10878.197577068686,13279.626527658149,12277.190639436489,10905.482378110039,13757.7,12778.40858354732,0.4739624150695174,12331.59118905502,0.7885316208631319,11800.800293666136
171,False,High,Master Protein,-6.404819527966531e+18,636,NP_001290203.1,ACLY#47#ATP-citrate synthase isoform 3 [Homo sapiens],0,207.115,0,34,30,255,0,30,1,1155,126.1,8.18,1461,407.26,34,31,123,132,30,28,0,4693.6,3951.4,4778.9,4619.8,3808.9,4873.3,4597.1,3808.5,4776.3,4666.5,3806.1,4641.3,3580.428193375321,4720.549968150953,4525.4340032539,3641.6661231304024,4552.508755983688,4619.8,4083.5500631921514,0.9349782484627011,4586.154377991845,0.5843881864565554,4150.489080763136
172,False,High,Master Protein,-3.551355837434089e+18,1298,XP_024307077.1,TRIM28#10155#transcription intermediary factor 1-beta isoform X1 [Homo sapiens],0,206.724,0,44,29,233,0,29,1,872,92.4,6.02,1041,309.87,42,40,115,118,28,25,0,3695.0,5027.1,4763.1,3683.1,4930.1,4912.6,3383.2,4915.6,4518.2,3574.7,4992.6,4658.7,4634.374500816422,4758.618138333033,3562.612630395253,4633.0464563417645,4537.457250753501,3683.1,4097.829543368509,0.46272402854623745,4110.278625376751,0.39730745321938166,4696.496319574728
173,False,High,Master Protein,9.45585302651271e+17,2392,NP_061322.2,MATR3#9782#matrin-3 isoform a [Homo sapiens],0,206.661,0,36,27,328,14,27,1,847,94.6,6.25,1956,513.42,36,36,162,166,27,24,0,6256.5,7320.9,7153.8,6361.6,7369.7,7403.9,6464.5,7737.2,7560.8,6643.9,7837.9,7627.5,6927.638335665966,7171.830158043386,6032.337191358024,6747.044976672916,6814.902412386974,6361.6,6389.691084015471,0.2940533906867491,6588.251206193487,0.25138293272875956,7049.734246854676
174,False,High,Master Protein,6.874805978534967e+18,3812,NP_001311233.1,RPN2#6185#dolichyl-diphosphooligosaccharide--protein glycosyltransferase subunit 2 isoform 7 precursor [Homo sapiens],0,205.534,0,48,20,562,0,20,1,647,71.1,5.97,5631,956.83,48,47,272,290,20,19,0,5157.3,5386.0,5484.7,5108.8,5267.6,5266.4,6024.2,6199.9,6049.0,5936.9,6145.1,6087.9,4951.630011663168,5101.328535544738,4972.520194516222,4963.813772126423,5224.872831392943,5108.8,4968.166983321322,0.5784693028217281,5166.836415696472,0.28382501739198,5026.479273603953
175,False,High,Master Protein,7.978508680545558e+18,4076,NP_001073027.1,HNRNPUL2#221092#heterogeneous nuclear ribonucleoprotein U-like protein 2 [Homo sapiens],0,205.361,0,39,25,290,25,25,1,747,85.1,4.91,1276,367.82,39,35,155,135,25,20,0,3322.2,4380.7,4595.0,3486.7,4585.7,4821.3,3751.4,4863.8,4977.7,3798.2,5021.3,5213.4,4310.632877303476,4670.179870200108,3203.169602354292,4037.315074555184,4377.320666627267,3486.7,3620.242338454738,0.25161697931064,3932.0103333136335,0.41353139776564485,4490.406373751792
176,False,High,Master Protein,-2.3431585881141176e+18,1605,XP_016876741.1,HNRNPC#3183#heterogeneous nuclear ribonucleoproteins C1/C2 isoform X2 [Homo sapiens],0,205.213,0,52,21,1041,3,3,1,293,32.3,5.08,5067,1403.56,52,49,510,531,21,18,20,17479.4,17340.5,19434.5,18513.5,19024.7,20603.1,18787.9,19616.5,20820.1,18909.9,19271.1,21150.4,17883.528643573594,19957.310867135384,16853.134292755287,15981.250040021952,18513.82774658708,18513.5,16417.19216638862,0.21476556051097856,18513.66387329354,0.7620079227405987,18920.419755354487
177,False,High,Master Protein,1.9685440722330286e+18,2646,XP_005271170.1,"SFPQ#6421#splicing factor, proline- and glutamine-rich isoform X1 [Homo sapiens]",0,204.49,0,42,25,444,4,24,1,707,76.1,9.44,2111,697.26,42,41,210,234,25,23,1,6016.0,7981.5,6212.6,6243.0,8231.0,6433.4,5958.0,8016.7,6128.2,6309.7,8519.0,6575.7,7737.274399346862,6231.749772249263,5800.454014738252,7355.863279284635,5918.289961586194,6243.0,6578.1586470114435,0.7434473793622791,6080.644980793097,0.4361601101653077,6984.512085798062
178,False,High,Master Protein,2.5646323561192924e+18,2773,NP_002941.1,RPN1#6184#dolichyl-diphosphooligosaccharide--protein glycosyltransferase subunit 1 precursor [Homo sapiens],0,204.133,0,44,24,554,24,24,1,607,68.5,6.38,3336,870.25,44,44,266,288,24,24,0,8126.3,8218.0,9951.0,8059.7,8101.2,9629.9,8928.0,9131.8,10955.1,8898.4,8889.7,11082.2,7615.260279916025,9328.057812631452,7835.144524595655,7573.825024013172,9479.590414278115,8059.7,7704.484774304414,0.5332259065180729,8769.645207139058,0.814652183715588,8471.659046273739
179,False,High,Master Protein,-2.500202292612526e+18,1556,NP_001138303.1,PHB2#11331#prohibitin-2 isoform 1 [Homo sapiens],0,203.646,0,86,25,708,6,25,1,299,33.3,9.83,4320,1007.35,86,83,347,361,25,24,0,16764.5,18416.7,12529.8,17372.1,19152.1,13336.3,18562.5,19842.0,14577.0,19496.5,20336.0,14669.3,18003.286723816185,12918.283409650861,16163.848292898841,16973.091180304622,11936.22469830388,17372.1,16568.46973660173,0.7385774051622505,14654.162349151939,0.8485952020902343,15460.785066733522
180,False,High,Master Protein,-9.565835449512728e+17,1925,NP_060117.3,FTSJ3#117246#pre-rRNA 2'-O-ribose RNA methyltransferase FTSJ3 [Homo sapiens],0,200.871,0,36,23,320,12,23,1,847,96.5,8.4,2364,552.9,36,35,154,166,23,21,0,4209.6,3704.0,2741.6,4420.6,3835.8,2813.5,4406.3,3883.7,2874.6,4386.5,3943.2,2937.8,3605.714632610217,2725.3128958596235,4058.775136376687,3413.658784247358,2611.721945511494,4420.6,3736.216960312023,0.4138112633382214,3516.160972755747,0.7713107073801481,3165.51376423492
181,False,High,Master Protein,9.36244165258521e+17,2390,XP_011529261.1,MSN#4478#moesin isoform X1 [Homo sapiens],0,199.934,0,48,31,426,0,21,1,610,71.3,6.06,2248,585.99,48,46,203,223,30,26,11,7082.0,8310.9,9616.7,7446.2,8574.0,9971.4,6295.8,7329.1,8602.5,6029.7,7082.4,8063.8,8059.7,9658.853744366323,6828.260527323188,7659.44297786214,9161.127237160925,7446.2,7243.851752592664,0.25452006459169046,8303.663618580462,0.6824650638478216,8859.276872183162
182,False,High,Master Protein,-2.0988070425601587e+18,1661,NP_976317.1,RNH1#6050#ribonuclease inhibitor [Homo sapiens],0,199.715,0,72,19,260,19,19,1,461,49.9,4.82,1897,494.27,72,68,121,139,19,18,0,2532.4,2698.4,2440.6,2512.8,2643.7,2355.6,2461.5,2562.4,2329.8,2343.8,2425.2,2180.8,2485.1211674830884,2281.7654371732465,2441.6671786773854,2486.8836024333345,2324.9812446072924,2512.8,2464.27539055536,0.570181665463817,2418.8906223036465,0.8219389376637418,2383.443302328167
183,False,High,Master Protein,8.38730370812317e+18,4172,NP_002769.1,PSAP#5660#prosaposin isoform a preproprotein [Homo sapiens],0,199.086,0,51,20,608,1,20,1,524,58.1,5.17,3039,911.24,48,50,285,323,19,19,0,9813.8,11279.7,11677.8,8142.5,8797.4,9469.5,8570.8,9534.8,10167.9,12770.2,13364.6,14603.8,8269.699647772335,9172.685433567694,9462.183445784283,10395.531044458674,11124.586568169729,8142.5,9928.857245121479,0.20412450829957623,9633.543284084864,0.6500949952793615,8721.192540670014
184,False,High,Master Protein,-7.722253779426461e+18,336,NP_001347.3,DDX3X#1654#ATP-dependent RNA helicase DDX3X isoform 1 [Homo sapiens],0,198.336,0,59,28,369,0,27,1,662,73.2,7.18,2694,550.56,56,53,186,183,27,26,0,6390.6,6283.2,6476.2,6350.7,6251.6,6554.3,6009.2,6073.9,6373.9,6344.9,6253.0,6535.9,5876.606078843014,6348.860249984977,6161.632550961815,5790.6859808809395,6169.402415932864,6350.7,5976.159265921377,0.696007636613376,6260.051207966431,0.6456008413636191,6112.733164413996
185,False,High,Master Protein,-6.811152372553307e+18,534,NP_057018.1,NOP58#51602#nucleolar protein 58 [Homo sapiens],0,197.886,0,50,20,367,20,20,1,529,59.5,8.92,1872,544.51,50,40,180,187,20,16,0,5402.8,6014.2,4820.0,6013.0,6510.7,5172.4,6410.4,7046.2,5400.4,6385.4,6914.9,5469.9,6120.164309540471,5010.274896941289,5209.224227198774,5542.771776517403,4591.6617221204415,6013.0,5375.998001858088,0.7924238543475624,5302.330861060221,0.7995013446899245,5565.219603240879
186,False,High,Master Protein,-1.4376864649877138e+18,1810,NP_001290453.1,TUBB6#84617#tubulin beta-6 chain isoform 1 [Homo sapiens],0,197.404,0,54,18,516,0,4,1,446,49.8,4.88,1881,751.79,54,54,257,259,18,17,1,279.6,236.5,334.7,278.8,207.8,307.3,264.9,175.4,313.6,266.0,201.7,319.9,195.33539304875205,297.6679057748933,269.5822710307206,217.96174472853676,318.8442278825128,278.8,243.7720078796287,0.9676305048303133,298.8221139412564,0.4842296577476226,246.50164941182268
187,False,High,Master Protein,7.174373993236339e+18,3884,NP_031389.3,NONO#4841#non-POU domain-containing octamer-binding protein isoform 1 [Homo sapiens],0,196.235,0,58,24,538,1,22,1,471,54.2,8.95,2642,763.07,58,58,251,287,24,24,1,7120.1,9901.9,7159.6,7497.2,10390.0,7548.5,7250.2,10050.1,7434.3,7476.1,10376.0,7757.6,9766.769652437602,7311.897776575926,6864.995450521581,9125.731078763205,6820.427648484132,7497.2,7995.363264642393,0.7755601174354139,7158.813824242066,0.4549736882040124,8539.333714506763
188,False,High,Master Protein,1.6035032627442504e+18,2554,NP_001029249.1,H4C15#554313#histone H4 [Homo sapiens],0,195.959,0,61,12,2235,12,12,1,103,11.4,11.36,13331,3212.72,61,61,1073,1162,12,11,0,57375.3,47666.9,56537.6,62004.1,51655.2,60803.5,71093.5,59550.6,70527.8,70370.4,58512.7,70134.4,48556.73144856543,58897.65866834926,55319.6125717772,43930.48917463294,53859.239373559474,62004.1,49625.050873205066,0.6475745664901034,57931.66968677974,0.5914516109500932,53727.19505845734
189,False,High,Master Protein,8.117017983706301e+18,4104,NP_006817.1,YWHAQ#10971#14-3-3 protein theta [Homo sapiens],0,194.79,0,69,20,709,15,15,1,245,27.7,4.78,3286,1066.65,69,69,321,388,20,18,3,10357.3,9813.3,8358.0,10217.4,9795.8,8158.2,9477.8,9173.2,7681.5,9355.4,9180.3,7691.0,9208.21195008164,7902.487175049576,9986.210499808592,9044.076065727482,7962.055741386443,10217.4,9515.143282768036,0.36561702272045593,9089.727870693221,0.7299017171792498,8555.349562565609
190,False,High,Master Protein,5.21180101499662e+18,3442,NP_001349.2,DHX15#1665#pre-mRNA-splicing factor ATP-dependent RNA helicase DHX15 [Homo sapiens],0,194.716,0,47,29,286,28,28,1,795,90.9,7.46,1205,383.45,47,44,136,150,29,28,1,4665.7,3909.7,4681.6,4572.6,4150.5,4839.5,4686.5,4222.8,4900.9,4478.3,4066.4,4735.5,3901.537771168649,4687.809404482903,4498.53362642358,3603.234813383341,4459.818157319307,4572.6,4050.8842199034607,0.7226368177274687,4516.209078659654,0.6730958689039799,4294.673587825776
191,False,High,Master Protein,3.269209104434095e+18,2938,NP_001753.1,CCT6A#908#T-complex protein 1 subunit zeta isoform a [Homo sapiens],0,193.951,0,43,19,299,1,19,1,531,58.0,6.68,1944,481.72,43,38,147,152,19,16,0,4433.5,6609.3,7874.3,4491.8,6688.1,7998.8,4164.4,6306.9,7491.6,3887.8,5798.2,7035.6,6286.923206204806,7748.083451715642,4274.653070868026,6091.2243527878145,7501.2701034217835,4491.8,5182.93871182792,0.26170709422351257,5996.535051710892,0.6234506186667174,7017.503328960223
192,False,High,Master Protein,3.249429330709183e+18,2932,NP_001091.1,"ACTA1#58#actin, alpha skeletal muscle [Homo sapiens]",0,193.39,0,38,16,1905,0,4,1,377,42.0,5.39,7958,2641.91,38,38,862,1043,16,16,0,4021.1,3488.1,4583.7,4236.8,3578.2,4746.5,5034.0,4206.4,5455.5,5107.9,4111.3,5647.2,3363.5664264054117,4597.724421609278,3877.028862809838,3214.682290856698,4366.555982506943,4236.8,3545.855576833268,0.6142444556135738,4301.677991253471,0.69453613000107,3980.6454240073444
193,False,High,Master Protein,-2.7704476164493153e+18,1504,NP_057212.1,COPG1#22820#coatomer subunit gamma-1 [Homo sapiens],0,193.057,0,48,28,233,13,25,1,874,97.7,5.47,1211,367.48,48,48,113,120,28,28,3,2756.5,2774.9,3691.9,2609.9,2680.7,3744.7,2478.1,2518.1,3496.4,2556.2,2508.2,3477.7,2519.901771635176,3627.325111471666,2657.7379474112354,2557.387084343411,3517.0033012233316,2609.9,2607.562515877323,0.5540359576521668,3063.451650611666,0.990005545692981,3073.6134415534207
194,False,High,Master Protein,-5.903683586191117e+18,760,NP_002799.3,PSMD2#5708#26S proteasome non-ATPase regulatory subunit 2 isoform 1 [Homo sapiens],0,192.97,0,36,24,191,2,24,1,908,100.1,5.2,1139,336.57,36,35,92,99,24,23,0,3814.8,2651.9,2939.3,3950.8,2758.2,3107.3,3701.5,2644.8,3027.9,3631.0,2577.8,2933.6,2592.753037088873,3009.9039492818943,3678.120341659489,2444.0285448017194,2800.056286271497,3950.8,3061.074443230604,0.7483706589326942,3375.4281431357485,0.49298147837240314,2801.3284931853836
195,False,High,Master Protein,4.445993330794884e+18,3240,NP_003671.1,"YARS1#8565#tyrosine--tRNA ligase, cytoplasmic [Homo sapiens]",0,192.201,0,61,29,281,13,29,1,528,59.1,7.05,1140,399.91,61,56,139,142,29,26,0,5654.1,5405.5,5310.6,6100.1,5748.7,5462.7,5958.7,5562.7,5316.7,5298.9,5028.4,4758.4,5403.871867273151,5291.475655309176,5451.520452914155,4981.785247907423,5059.020485786892,6100.1,5216.652850410788,0.6758991873615061,5579.560242893446,0.7332362009045132,5347.673761291164
196,False,High,Master Protein,-2.326963864063357e+18,1607,NP_036450.1,LETM1#3954#mitochondrial proton/calcium exchanger protein precursor [Homo sapiens],0,191.286,0,34,20,217,0,20,1,739,83.3,6.7,1417,367.61,34,26,116,101,19,16,0,4019.6,4178.4,4369.1,4072.4,4211.2,4220.2,4618.2,4763.1,5021.6,4911.7,5011.6,5335.3,3958.5967623046417,4087.920911002944,3875.5826059910037,3850.8725335040926,4162.122246912121,4072.4,3863.227569747548,0.2346175816286046,4117.261123456061,0.36725013119177075,4023.258836653793
197,False,High,Master Protein,3.8111736036938875e+18,3069,NP_000393.4,G6PD#2539#glucose-6-phosphate 1-dehydrogenase isoform a [Homo sapiens],0,190.751,0,60,28,219,0,28,1,545,62.4,8.05,731,313.88,60,55,104,115,28,26,0,4063.1,4530.4,5440.7,4407.6,4746.2,5642.9,4247.4,4671.3,5479.2,3895.4,4169.6,5006.5,4461.505498017261,5466.027417823448,3917.524053737199,4175.280711704706,5182.9572472076115,4407.6,4046.4023827209526,0.30513328887833363,4795.278623603806,0.8168506420951289,4963.766457920354
198,False,High,Master Protein,3.1141314805134193e+18,2905,NP_000998.1,"RPS4X#6191#40S ribosomal protein S4, X isoform [Homo sapiens]",0,189.596,0,67,22,604,13,22,1,263,29.6,10.15,3137,909.61,67,63,290,314,22,20,0,13623.1,12328.6,13153.9,13910.3,12854.0,13536.5,13274.7,12358.4,12908.3,12576.9,11641.3,12167.4,12082.969885700955,13112.208286761612,13135.000845774715,11362.212118647943,12530.759154896281,13910.3,12248.60648221133,0.7727512199257567,13220.52957744814,0.5496163760261443,12597.589086231284
